sam_model,clip_model,clip_pretrained,threshold,mask_threshold,post_processing,avg_speed_ms_per_frame,vram_gb_per_frame,vram_reserved_gb_per_frame,miou,sa_co_f1,recall_obj,precision_hit,avg_masks_per_image,percent_fragmented_masks,avg_clip_score_selected,mAP_retrieval
sam1:sam_vit_b_01ec64.pth,ViT-B-32,laion2b_s34b_b79k,0.9,0.5,"ThresholdGrid(conf=0.9,mask=0.5)",0.36898760590702295,0.3505744934082031,1.9765625,0.1738570340333698,0.1681528662420382,0.9184713375796179,0.2789808917197452,49.128571428571426,0.028359054885467156,0.2608911331292171,0.2447954641744055
sam1:sam_vit_b_01ec64.pth,ViT-B-32,laion2b_s34b_b79k,0.9,0.9,"ThresholdGrid(conf=0.9,mask=0.9)",0.3659403417259455,0.3505406379699707,1.9765625,0.16151070303687043,0.15414012738853503,0.8878980891719745,0.25477707006369427,45.08571428571429,0.025362160734974527,0.25932439026559234,0.2319795088172051
sam1:sam_vit_b_01ec64.pth,ViT-B-32,laion2b_s34b_b79k,0.5,0.5,"ThresholdGrid(conf=0.5,mask=0.5)",0.38843745964446236,0.35128116607666016,1.9765625,0.17541249644534015,0.16050955414012738,0.9745222929936306,0.29554140127388534,104.22857142857143,0.042501720661120734,0.2646302856647285,0.2264400419983654
sam1:sam_vit_b_01ec64.pth,ViT-B-32,datacomp_xl_s13b_b90k,0.9,0.5,"ThresholdGrid(conf=0.9,mask=0.5)",0.3496060114619987,0.3474006652832031,1.9765625,0.16225124286179027,0.14140127388535031,0.9184713375796179,0.2878980891719745,49.128571428571426,0.028359054885467156,0.20778855222045994,0.23240822258813668
sam1:sam_vit_b_01ec64.pth,ViT-B-32,datacomp_xl_s13b_b90k,0.9,0.9,"ThresholdGrid(conf=0.9,mask=0.9)",0.34652979645345894,0.3473668098449707,1.9765625,0.15498232445728263,0.1337579617834395,0.8878980891719745,0.27770700636942675,45.08571428571429,0.025362160734974527,0.20620734900425952,0.2197594287796913
sam1:sam_vit_b_01ec64.pth,ViT-B-32,datacomp_xl_s13b_b90k,0.5,0.5,"ThresholdGrid(conf=0.5,mask=0.5)",0.37635764705815483,0.34810733795166016,1.9765625,0.15907716911682115,0.13248407643312102,0.9745222929936306,0.289171974522293,104.22857142857143,0.042501720661120734,0.21117762777076404,0.21657276906534367
sam1:sam_vit_b_01ec64.pth,ViT-B-16,laion2b_s34b_b88k,0.9,0.5,"ThresholdGrid(conf=0.9,mask=0.5)",0.3537840110116771,0.3472108840942383,3.533203125,0.17811961417952452,0.17452229299363056,0.9184713375796179,0.28535031847133757,49.128571428571426,0.028359054885467156,0.235165164633921,0.24745875598175066
sam1:sam_vit_b_01ec64.pth,ViT-B-16,laion2b_s34b_b88k,0.9,0.9,"ThresholdGrid(conf=0.9,mask=0.9)",0.34613209843103376,0.34717702865600586,3.533203125,0.16900845208099613,0.16305732484076432,0.8878980891719745,0.27388535031847133,45.08571428571429,0.025362160734974527,0.23354947468277756,0.23399100838225045
sam1:sam_vit_b_01ec64.pth,ViT-B-16,laion2b_s34b_b88k,0.5,0.5,"ThresholdGrid(conf=0.5,mask=0.5)",0.3872295808313148,0.3479175567626953,3.533203125,0.17618966076991072,0.1681528662420382,0.9745222929936306,0.29426751592356687,104.22857142857143,0.042501720661120734,0.23947795196703286,0.23020974384278492
sam1:sam_vit_b_01ec64.pth,ViT-B-16-SigLIP,webli,0.9,0.5,"ThresholdGrid(conf=0.9,mask=0.5)",0.37569538690149784,0.4014577865600586,2.9921875,0.20038405582553478,0.19363057324840766,0.9184713375796179,0.32611464968152865,49.128571428571426,0.028359054885467156,0.07552031991635538,0.255914327432754
sam1:sam_vit_b_01ec64.pth,ViT-B-16-SigLIP,webli,0.9,0.9,"ThresholdGrid(conf=0.9,mask=0.9)",0.35849778380777153,0.40140771865844727,2.9921875,0.18214123943705862,0.1681528662420382,0.8878980891719745,0.2980891719745223,45.08571428571429,0.025362160734974527,0.07428286295550264,0.236282895989694
sam1:sam_vit_b_01ec64.pth,ViT-B-16-SigLIP,webli,0.5,0.5,"ThresholdGrid(conf=0.5,mask=0.5)",0.4007043915667704,0.40250205993652344,2.9921875,0.19168783750269192,0.17834394904458598,0.9745222929936306,0.3159235668789809,104.22857142857143,0.042501720661120734,0.0783794955154703,0.236173495255361
sam1:sam_vit_b_01ec64.pth,ViT-L-14,laion2b_s32b_b82k,0.9,0.5,"ThresholdGrid(conf=0.9,mask=0.5)",0.3627075580880046,0.8969964981079102,6.46484375,0.18602917686943043,0.17579617834394903,0.9184713375796179,0.29426751592356687,49.128571428571426,0.028359054885467156,0.2561904394702547,0.2400203331184749
sam1:sam_vit_b_01ec64.pth,ViT-L-14,laion2b_s32b_b82k,0.9,0.9,"ThresholdGrid(conf=0.9,mask=0.9)",0.36281274099435123,0.8969464302062988,6.46484375,0.1708577720119148,0.15796178343949044,0.8878980891719745,0.2713375796178344,45.08571428571429,0.025362160734974527,0.25495366864143665,0.2224447118227234
sam1:sam_vit_b_01ec64.pth,ViT-L-14,laion2b_s32b_b82k,0.5,0.5,"ThresholdGrid(conf=0.5,mask=0.5)",0.3855811199173331,0.898040771484375,6.46484375,0.18262978800260793,0.1681528662420382,0.9745222929936306,0.30318471337579617,104.22857142857143,0.042501720661120734,0.26046003611983765,0.2179963622082011
sam1:sam_vit_b_01ec64.pth,ViT-L-14,dfn2b,0.9,0.5,"ThresholdGrid(conf=0.9,mask=0.5)",0.359593504773719,0.8969964981079102,6.46484375,0.22472993178685102,0.2178343949044586,0.9184713375796179,0.354140127388535,49.128571428571426,0.028359054885467156,0.2081137385527799,0.2906728141724206
sam1:sam_vit_b_01ec64.pth,ViT-L-14,dfn2b,0.9,0.9,"ThresholdGrid(conf=0.9,mask=0.9)",0.35257895277546986,0.8969464302062988,6.46484375,0.22091808762479856,0.21146496815286625,0.8878980891719745,0.3503184713375796,45.08571428571429,0.025362160734974527,0.20614174217175527,0.2791301449851374
sam1:sam_vit_b_01ec64.pth,ViT-L-14,dfn2b,0.5,0.5,"ThresholdGrid(conf=0.5,mask=0.5)",0.37813226226717234,0.898040771484375,6.46484375,0.20923111551733622,0.1961783439490446,0.9745222929936306,0.3401273885350318,104.22857142857143,0.042501720661120734,0.2129654969759048,0.27153135067016726
sam1:sam_vit_b_01ec64.pth,ViT-L-14,datacomp_xl_s13b_b90k,0.9,0.5,"ThresholdGrid(conf=0.9,mask=0.5)",0.3677929219390665,0.8969964981079102,6.46484375,0.21382741152240603,0.2050955414012739,0.9184713375796179,0.34777070063694265,49.128571428571426,0.028359054885467156,0.19800429846260958,0.28158427191976654
sam1:sam_vit_b_01ec64.pth,ViT-L-14,datacomp_xl_s13b_b90k,0.9,0.9,"ThresholdGrid(conf=0.9,mask=0.9)",0.35926457827112507,0.8969464302062988,6.46484375,0.20590592895391674,0.1961783439490446,0.8878980891719745,0.33503184713375794,45.08571428571429,0.025362160734974527,0.1962395455047583,0.27171394930439213
sam1:sam_vit_b_01ec64.pth,ViT-L-14,datacomp_xl_s13b_b90k,0.5,0.5,"ThresholdGrid(conf=0.5,mask=0.5)",0.3897400838988168,0.898040771484375,6.46484375,0.21077437096395685,0.19745222929936307,0.9745222929936306,0.3643312101910828,104.22857142857143,0.042501720661120734,0.2031668681532714,0.2645584155238877
sam1:sam_vit_b_01ec64.pth,MobileCLIP-S1,datacompdr,0.9,0.5,"ThresholdGrid(conf=0.9,mask=0.5)",0.3524865622499159,0.1683812141418457,4.947265625,0.25548626620595954,0.2445859872611465,0.9184713375796179,0.4012738853503185,49.128571428571426,0.028359054885467156,0.22986788103345093,0.31949975829873983
sam1:sam_vit_b_01ec64.pth,MobileCLIP-S1,datacompdr,0.9,0.9,"ThresholdGrid(conf=0.9,mask=0.9)",0.3484552593103477,0.16834735870361328,4.947265625,0.24179052613436422,0.22802547770700637,0.8878980891719745,0.38471337579617837,45.08571428571429,0.025362160734974527,0.2278037382443999,0.3020089928862638
sam1:sam_vit_b_01ec64.pth,MobileCLIP-S1,datacompdr,0.5,0.5,"ThresholdGrid(conf=0.5,mask=0.5)",0.3811188707394259,0.16908788681030273,4.947265625,0.2553275721114461,0.2394904458598726,0.9745222929936306,0.4178343949044586,104.22857142857143,0.042501720661120734,0.23355678733746718,0.3190646362026988
sam1:sam_vit_b_01ec64.pth,MobileCLIP-S2,datacompdr,0.9,0.5,"ThresholdGrid(conf=0.9,mask=0.5)",0.34530333442879574,0.1962432861328125,6.11328125,0.27235275626419647,0.2624203821656051,0.9184713375796179,0.42165605095541403,49.128571428571426,0.028359054885467156,0.2372375041436238,0.33533192374108717
sam1:sam_vit_b_01ec64.pth,MobileCLIP-S2,datacompdr,0.9,0.9,"ThresholdGrid(conf=0.9,mask=0.9)",0.3505087324551174,0.19620943069458008,6.11328125,0.25720472046894605,0.24331210191082803,0.8878980891719745,0.4050955414012739,45.08571428571429,0.025362160734974527,0.23530668147430298,0.3163516581283175
sam1:sam_vit_b_01ec64.pth,MobileCLIP-S2,datacompdr,0.5,0.5,"ThresholdGrid(conf=0.5,mask=0.5)",0.38803822161363705,0.19694995880126953,6.11328125,0.2571144268914798,0.23821656050955414,0.9745222929936306,0.4267515923566879,104.22857142857143,0.042501720661120734,0.24126850059077998,0.3221612646450409
sam1:sam_vit_b_01ec64.pth,ViT-H-14,laion2b_s32b_b79k,0.9,0.5,"ThresholdGrid(conf=0.9,mask=0.5)",0.3912643529474735,1.9677867889404297,9.8984375,0.16276152909510613,0.15159235668789808,0.9184713375796179,0.2713375796178344,49.128571428571426,0.028359054885467156,0.2530388139045922,0.23042563700852872
sam1:sam_vit_b_01ec64.pth,ViT-H-14,laion2b_s32b_b79k,0.9,0.9,"ThresholdGrid(conf=0.9,mask=0.9)",0.38034504811678616,1.9677205085754395,9.8984375,0.15103428887965217,0.13885350318471337,0.8878980891719745,0.2522292993630573,45.08571428571429,0.025362160734974527,0.25160865544513533,0.2136446342210676
sam1:sam_vit_b_01ec64.pth,ViT-H-14,laion2b_s32b_b79k,0.5,0.5,"ThresholdGrid(conf=0.5,mask=0.5)",0.42903952500117676,1.9699392318725586,9.8984375,0.14949588638134453,0.1337579617834395,0.9745222929936306,0.2611464968152866,104.22857142857143,0.042501720661120734,0.2583852357355652,0.2011286463166912
sam1:sam_vit_b_01ec64.pth,ViT-H-14,metaclip_fullcc,0.9,0.5,"ThresholdGrid(conf=0.9,mask=0.5)",0.37523909538452116,1.9677867889404297,9.8984375,0.2408276548850093,0.23057324840764332,0.9184713375796179,0.38089171974522296,49.128571428571426,0.028359054885467156,0.3221865070093969,0.30517458509919665
sam1:sam_vit_b_01ec64.pth,ViT-H-14,metaclip_fullcc,0.9,0.9,"ThresholdGrid(conf=0.9,mask=0.9)",0.3618848044425249,1.9677205085754395,9.8984375,0.22104548898431484,0.20764331210191084,0.8878980891719745,0.354140127388535,45.08571428571429,0.025362160734974527,0.3212976591222605,0.2848530677184178
sam1:sam_vit_b_01ec64.pth,ViT-H-14,metaclip_fullcc,0.5,0.5,"ThresholdGrid(conf=0.5,mask=0.5)",0.40835480405283825,1.9699392318725586,9.8984375,0.24825207443059313,0.23057324840764332,0.9745222929936306,0.4063694267515924,104.22857142857143,0.042501720661120734,0.3239277246271729,0.30140461754392917
sam1:sam_vit_b_01ec64.pth,ViT-B-16-SigLIP2,webli,0.9,0.5,"ThresholdGrid(conf=0.9,mask=0.5)",0.36660266840564354,0.7220144271850586,3.3125,0.2230155814767665,0.21656050955414013,0.9184713375796179,0.35668789808917195,49.128571428571426,0.028359054885467156,0.10510562235003064,0.28063652480804396
sam1:sam_vit_b_01ec64.pth,ViT-B-16-SigLIP2,webli,0.9,0.9,"ThresholdGrid(conf=0.9,mask=0.9)",0.36214715135949,0.7219643592834473,3.3125,0.21102187971992603,0.2,0.8878980891719745,0.3363057324840764,45.08571428571429,0.025362160734974527,0.10401493702914305,0.2644769631001349
sam1:sam_vit_b_01ec64.pth,ViT-B-16-SigLIP2,webli,0.5,0.5,"ThresholdGrid(conf=0.5,mask=0.5)",0.39131673651614357,0.7230587005615234,3.3125,0.20807514561187293,0.19872611464968154,0.9745222929936306,0.34267515923566877,104.22857142857143,0.042501720661120734,0.10764778662639059,0.2668669971479825
sam1:sam_vit_b_01ec64.pth,ViT-L-16-SigLIP2-384,webli,0.9,0.5,"ThresholdGrid(conf=0.9,mask=0.5)",0.3774727927520871,1.652933120727539,11.025390625,0.22760543766493166,0.21656050955414013,0.9184713375796179,0.36178343949044584,49.128571428571426,0.028359054885467156,0.10852202707604998,0.29262631840656134
sam1:sam_vit_b_01ec64.pth,ViT-L-16-SigLIP2-384,webli,0.9,0.9,"ThresholdGrid(conf=0.9,mask=0.9)",0.3758773806371859,1.6528668403625488,11.025390625,0.2148170506861711,0.2,0.8878980891719745,0.3452229299363057,45.08571428571429,0.025362160734974527,0.10707124296552056,0.27596545651341237
sam1:sam_vit_b_01ec64.pth,ViT-L-16-SigLIP2-384,webli,0.5,0.5,"ThresholdGrid(conf=0.5,mask=0.5)",0.42682719150824205,1.6543149948120117,11.025390625,0.2330631237197651,0.22038216560509555,0.9745222929936306,0.3796178343949045,104.22857142857143,0.042501720661120734,0.11150738934802401,0.2889145825748415
sam1:sam_vit_b_01ec64.pth,EVA02-B-16,merged2b_s8b_b131k,0.9,0.5,"ThresholdGrid(conf=0.9,mask=0.5)",0.368337775580585,0.29225921630859375,4.287109375,0.21410584587397827,0.2,0.9184713375796179,0.34777070063694265,49.128571428571426,0.028359054885467156,0.16879193630947428,0.27741671749556635
sam1:sam_vit_b_01ec64.pth,EVA02-B-16,merged2b_s8b_b131k,0.9,0.9,"ThresholdGrid(conf=0.9,mask=0.9)",0.35344691880579504,0.29222536087036133,4.287109375,0.20716405035435365,0.19235668789808918,0.8878980891719745,0.3414012738853503,45.08571428571429,0.025362160734974527,0.1678539535517146,0.2652156019847693
sam1:sam_vit_b_01ec64.pth,EVA02-B-16,merged2b_s8b_b131k,0.5,0.5,"ThresholdGrid(conf=0.5,mask=0.5)",0.3823303417967899,0.2929658889770508,4.287109375,0.20653123009484511,0.18471337579617833,0.9745222929936306,0.3503184713375796,104.22857142857143,0.042501720661120734,0.17107008923390868,0.2616515065635287
sam1:sam_vit_b_01ec64.pth,EVA02-L-14,merged2b_s4b_b131k,0.9,0.5,"ThresholdGrid(conf=0.9,mask=0.5)",0.36758475471287966,0.8120970726013184,7.978515625,0.23178478952018208,0.22420382165605096,0.9184713375796179,0.36942675159235666,49.128571428571426,0.028359054885467156,0.2131955363568227,0.3009154469165338
sam1:sam_vit_b_01ec64.pth,EVA02-L-14,merged2b_s4b_b131k,0.9,0.9,"ThresholdGrid(conf=0.9,mask=0.9)",0.3718436462804675,0.812047004699707,7.978515625,0.21860058361723367,0.2089171974522293,0.8878980891719745,0.3503184713375796,45.08571428571429,0.025362160734974527,0.212207306456414,0.28406909686023507
sam1:sam_vit_b_01ec64.pth,EVA02-L-14,merged2b_s4b_b131k,0.5,0.5,"ThresholdGrid(conf=0.5,mask=0.5)",0.39913584145584274,0.8131413459777832,7.978515625,0.2238894953599754,0.2140127388535032,0.9745222929936306,0.36942675159235666,104.22857142857143,0.042501720661120734,0.2157218806113407,0.29303080475271986
sam1:sam_vit_b_01ec64.pth,ViT-H-14,dfn5b,0.9,0.5,"ThresholdGrid(conf=0.9,mask=0.5)",0.3739143821543881,1.9677867889404297,9.8984375,0.2335080635490092,0.21910828025477708,0.9184713375796179,0.3681528662420382,49.128571428571426,0.028359054885467156,0.23587474832489233,0.3011528817803174
sam1:sam_vit_b_01ec64.pth,ViT-H-14,dfn5b,0.9,0.9,"ThresholdGrid(conf=0.9,mask=0.9)",0.36902393413973705,1.9677205085754395,9.8984375,0.21948145587663226,0.20127388535031848,0.8878980891719745,0.35159235668789807,45.08571428571429,0.025362160734974527,0.233812861875364,0.2826344993103002
sam1:sam_vit_b_01ec64.pth,ViT-H-14,dfn5b,0.5,0.5,"ThresholdGrid(conf=0.5,mask=0.5)",0.4132915521040559,1.9699392318725586,9.8984375,0.2209400949934303,0.20382165605095542,0.9745222929936306,0.36178343949044584,104.22857142857143,0.042501720661120734,0.24039198927059294,0.28221232022179293
sam1:sam_vit_b_01ec64.pth,MobileCLIP-B,datacompdr,0.9,0.5,"ThresholdGrid(conf=0.9,mask=0.5)",0.352916051633656,0.2943291664123535,3.814453125,0.25161125749911945,0.23694267515923567,0.9184713375796179,0.40254777070063696,49.128571428571426,0.028359054885467156,0.18534184118175204,0.32094041371628435
sam1:sam_vit_b_01ec64.pth,MobileCLIP-B,datacompdr,0.9,0.9,"ThresholdGrid(conf=0.9,mask=0.9)",0.3509859321638942,0.2942953109741211,3.814453125,0.23632720203775043,0.21910828025477708,0.8878980891719745,0.38089171974522296,45.08571428571429,0.025362160734974527,0.1833160942716963,0.3022064829805617
sam1:sam_vit_b_01ec64.pth,MobileCLIP-B,datacompdr,0.5,0.5,"ThresholdGrid(conf=0.5,mask=0.5)",0.3830595075019768,0.29503583908081055,3.814453125,0.25564356697845886,0.2356687898089172,0.9745222929936306,0.42547770700636944,104.22857142857143,0.042501720661120734,0.19033236933551775,0.31224860793366455
sam1:sam_vit_b_01ec64.pth,MobileCLIP2-S0,dfndr2b,0.9,0.5,"ThresholdGrid(conf=0.9,mask=0.5)",0.35257861018180847,0.14932966232299805,4.916015625,0.23858044044764612,0.2356687898089172,0.9184713375796179,0.37707006369426754,49.128571428571426,0.028359054885467156,0.2399338386241038,0.31334493991488727
sam1:sam_vit_b_01ec64.pth,MobileCLIP2-S0,dfndr2b,0.9,0.9,"ThresholdGrid(conf=0.9,mask=0.9)",0.34906373891447273,0.14929580688476562,4.916015625,0.2363726078914853,0.2318471337579618,0.8878980891719745,0.3732484076433121,45.08571428571429,0.025362160734974527,0.23788491014842014,0.30092487114703
sam1:sam_vit_b_01ec64.pth,MobileCLIP2-S0,dfndr2b,0.5,0.5,"ThresholdGrid(conf=0.5,mask=0.5)",0.37834146725279943,0.15003633499145508,4.916015625,0.24710537025852453,0.2394904458598726,0.9745222929936306,0.4012738853503185,104.22857142857143,0.042501720661120734,0.2439861922696897,0.31323961656471494
sam1:sam_vit_b_01ec64.pth,MobileCLIP2-S2,dfndr2b,0.9,0.5,"ThresholdGrid(conf=0.9,mask=0.5)",0.3485363442450762,0.1962432861328125,6.11328125,0.24532805874742933,0.23821656050955414,0.9184713375796179,0.3923566878980892,49.128571428571426,0.028359054885467156,0.2602384307961555,0.32039515129952306
sam1:sam_vit_b_01ec64.pth,MobileCLIP2-S2,dfndr2b,0.9,0.9,"ThresholdGrid(conf=0.9,mask=0.9)",0.35170012685869423,0.19620943069458008,6.11328125,0.23922966441488377,0.22802547770700637,0.8878980891719745,0.38598726114649684,45.08571428571429,0.025362160734974527,0.2574515942175677,0.3067782111699933
sam1:sam_vit_b_01ec64.pth,MobileCLIP2-S2,dfndr2b,0.5,0.5,"ThresholdGrid(conf=0.5,mask=0.5)",0.3719828989622848,0.19694995880126953,6.11328125,0.24501658891263206,0.2356687898089172,0.9745222929936306,0.39363057324840767,104.22857142857143,0.042501720661120734,0.26466268173828245,0.3174825839154122
sam1:sam_vit_b_01ec64.pth,MobileCLIP2-B,dfndr2b,0.9,0.5,"ThresholdGrid(conf=0.9,mask=0.5)",0.35908095139477936,0.2943291664123535,3.814453125,0.24022763207395886,0.23439490445859873,0.9184713375796179,0.37579617834394907,49.128571428571426,0.028359054885467156,0.2571354251188837,0.3172584127431206
sam1:sam_vit_b_01ec64.pth,MobileCLIP2-B,dfndr2b,0.9,0.9,"ThresholdGrid(conf=0.9,mask=0.9)",0.3444022997947676,0.2942953109741211,3.814453125,0.2302271832983194,0.2178343949044586,0.8878980891719745,0.36560509554140125,45.08571428571429,0.025362160734974527,0.2544985389823367,0.29932441979039276
sam1:sam_vit_b_01ec64.pth,MobileCLIP2-B,dfndr2b,0.5,0.5,"ThresholdGrid(conf=0.5,mask=0.5)",0.3965260959895594,0.29503583908081055,3.814453125,0.23125386242135731,0.2229299363057325,0.9745222929936306,0.38471337579617837,104.22857142857143,0.042501720661120734,0.2626640450233107,0.3046017225319854
/mnt/data/model-ckpts/sam/sam2-hiera-base-plus,ViT-B-32,laion2b_s34b_b79k,0.9,0.5,"ThresholdGrid(conf=0.9,mask=0.5)",0.3170646627300552,0.4116954803466797,1.8125,0.1355103652070706,0.12611464968152866,0.46878980891719746,0.21019108280254778,16.02857142857143,0.05777355103382092,0.2527748589303083,0.16741205569375453
/mnt/data/model-ckpts/sam/sam2-hiera-base-plus,ViT-B-32,laion2b_s34b_b79k,0.9,0.9,"ThresholdGrid(conf=0.9,mask=0.9)",0.3028597283576216,0.4116954803466797,1.8125,0.1355103652070706,0.12611464968152866,0.46878980891719746,0.21019108280254778,16.02857142857143,0.05777355103382092,0.2527748589303083,0.16741205569375453
/mnt/data/model-ckpts/sam/sam2-hiera-base-plus,ViT-B-32,laion2b_s34b_b79k,0.5,0.5,"ThresholdGrid(conf=0.5,mask=0.5)",0.3446311822959355,0.41190147399902344,1.8125,0.12431378192559325,0.11464968152866242,0.5452229299363057,0.2140127388535032,38.042857142857144,0.3279812534208525,0.26097317013391264,0.14920568401533235
/mnt/data/model-ckpts/sam/sam2-hiera-base-plus,ViT-B-32,datacomp_xl_s13b_b90k,0.9,0.5,"ThresholdGrid(conf=0.9,mask=0.5)",0.2944246233840074,0.4116954803466797,1.8125,0.12563792260248047,0.11210191082802548,0.46878980891719746,0.19490445859872613,16.02857142857143,0.05777355103382092,0.19995474240202812,0.16264068000889315
/mnt/data/model-ckpts/sam/sam2-hiera-base-plus,ViT-B-32,datacomp_xl_s13b_b90k,0.9,0.9,"ThresholdGrid(conf=0.9,mask=0.9)",0.3266720799729228,0.4116954803466797,1.8125,0.12563792260248047,0.11210191082802548,0.46878980891719746,0.19490445859872613,16.02857142857143,0.05777355103382092,0.19995474240202812,0.16264068000889315
/mnt/data/model-ckpts/sam/sam2-hiera-base-plus,ViT-B-32,datacomp_xl_s13b_b90k,0.5,0.5,"ThresholdGrid(conf=0.5,mask=0.5)",0.34388097867901835,0.41190147399902344,1.8125,0.12342558693690732,0.10828025477707007,0.5452229299363057,0.21273885350318472,38.042857142857144,0.3279812534208525,0.20813769109689506,0.14883834527472978
/mnt/data/model-ckpts/sam/sam2-hiera-base-plus,ViT-B-16,laion2b_s34b_b88k,0.9,0.5,"ThresholdGrid(conf=0.9,mask=0.5)",0.29553844859557493,0.40930843353271484,3.060546875,0.14833599699103373,0.1464968152866242,0.46878980891719746,0.21656050955414013,16.02857142857143,0.05777355103382092,0.22560628043238523,0.18519005567412225
/mnt/data/model-ckpts/sam/sam2-hiera-base-plus,ViT-B-16,laion2b_s34b_b88k,0.9,0.9,"ThresholdGrid(conf=0.9,mask=0.9)",0.2937715334285583,0.40930843353271484,3.060546875,0.14833599699103373,0.1464968152866242,0.46878980891719746,0.21656050955414013,16.02857142857143,0.05777355103382092,0.22560628043238523,0.18519005567412225
/mnt/data/model-ckpts/sam/sam2-hiera-base-plus,ViT-B-16,laion2b_s34b_b88k,0.5,0.5,"ThresholdGrid(conf=0.5,mask=0.5)",0.34690857532301117,0.4095144271850586,3.060546875,0.15065304857307366,0.15159235668789808,0.5452229299363057,0.2318471337579618,38.042857142857144,0.3279812534208525,0.23545134883777352,0.17805628219393874
/mnt/data/model-ckpts/sam/sam2-hiera-base-plus,ViT-B-16-SigLIP,webli,0.9,0.5,"ThresholdGrid(conf=0.9,mask=0.5)",0.3158457943105272,0.4625682830810547,2.5625,0.12707776688238326,0.1197452229299363,0.46878980891719746,0.20127388535031848,16.02857142857143,0.05777355103382092,0.06829120064284772,0.16424698330524437
/mnt/data/model-ckpts/sam/sam2-hiera-base-plus,ViT-B-16-SigLIP,webli,0.9,0.9,"ThresholdGrid(conf=0.9,mask=0.9)",0.29570780295346466,0.4625682830810547,2.5625,0.12707776688238326,0.1197452229299363,0.46878980891719746,0.20127388535031848,16.02857142857143,0.05777355103382092,0.06829120064284772,0.16424698330524437
/mnt/data/model-ckpts/sam/sam2-hiera-base-plus,ViT-B-16-SigLIP,webli,0.5,0.5,"ThresholdGrid(conf=0.5,mask=0.5)",0.35201230285955326,0.46287059783935547,2.5625,0.13814025047613188,0.1286624203821656,0.5452229299363057,0.23312101910828026,38.042857142857144,0.3279812534208525,0.07397586796076815,0.16091528081929315
/mnt/data/model-ckpts/sam/sam2-hiera-base-plus,ViT-L-14,laion2b_s32b_b82k,0.9,0.5,"ThresholdGrid(conf=0.9,mask=0.5)",0.30463920972709146,0.9573783874511719,6.294921875,0.14240752504975285,0.14012738853503184,0.46878980891719746,0.21019108280254778,16.02857142857143,0.05777355103382092,0.24509291105968936,0.18001062518072053
/mnt/data/model-ckpts/sam/sam2-hiera-base-plus,ViT-L-14,laion2b_s32b_b82k,0.9,0.9,"ThresholdGrid(conf=0.9,mask=0.9)",0.3029172441789082,0.9573783874511719,6.294921875,0.14240752504975285,0.14012738853503184,0.46878980891719746,0.21019108280254778,16.02857142857143,0.05777355103382092,0.24509291105968936,0.18001062518072053
/mnt/data/model-ckpts/sam/sam2-hiera-base-plus,ViT-L-14,laion2b_s32b_b82k,0.5,0.5,"ThresholdGrid(conf=0.5,mask=0.5)",0.3479327507583158,0.9576807022094727,6.294921875,0.134604872719178,0.12611464968152866,0.5452229299363057,0.22165605095541402,38.042857142857144,0.3279812534208525,0.2563130178459131,0.157071385781119
/mnt/data/model-ckpts/sam/sam2-hiera-base-plus,ViT-L-14,dfn2b,0.9,0.5,"ThresholdGrid(conf=0.9,mask=0.5)",0.297002457747502,0.9573783874511719,6.294921875,0.16826798938370865,0.16560509554140126,0.46878980891719746,0.2445859872611465,16.02857142857143,0.05777355103382092,0.19793825861375045,0.20087190672556768
/mnt/data/model-ckpts/sam/sam2-hiera-base-plus,ViT-L-14,dfn2b,0.9,0.9,"ThresholdGrid(conf=0.9,mask=0.9)",0.295469381048211,0.9573783874511719,6.294921875,0.16826798938370865,0.16560509554140126,0.46878980891719746,0.2445859872611465,16.02857142857143,0.05777355103382092,0.19793825861375045,0.20087190672556768
/mnt/data/model-ckpts/sam/sam2-hiera-base-plus,ViT-L-14,dfn2b,0.5,0.5,"ThresholdGrid(conf=0.5,mask=0.5)",0.3588750326473798,0.9576807022094727,6.294921875,0.15532075545298962,0.1503184713375796,0.5452229299363057,0.24203821656050956,38.042857142857144,0.3279812534208525,0.20810602567378123,0.18464923583246542
/mnt/data/model-ckpts/sam/sam2-hiera-base-plus,ViT-L-14,datacomp_xl_s13b_b90k,0.9,0.5,"ThresholdGrid(conf=0.9,mask=0.5)",0.30816447521959034,0.9573783874511719,6.294921875,0.14538719495192048,0.14267515923566879,0.46878980891719746,0.2178343949044586,16.02857142857143,0.05777355103382092,0.18374197215411314,0.18374684700782093
/mnt/data/model-ckpts/sam/sam2-hiera-base-plus,ViT-L-14,datacomp_xl_s13b_b90k,0.9,0.9,"ThresholdGrid(conf=0.9,mask=0.9)",0.3099263845277684,0.9573783874511719,6.294921875,0.14538719495192048,0.14267515923566879,0.46878980891719746,0.2178343949044586,16.02857142857143,0.05777355103382092,0.18374197215411314,0.18374684700782093
/mnt/data/model-ckpts/sam/sam2-hiera-base-plus,ViT-L-14,datacomp_xl_s13b_b90k,0.5,0.5,"ThresholdGrid(conf=0.5,mask=0.5)",0.354145241103002,0.9576807022094727,6.294921875,0.14394764667966933,0.14012738853503184,0.5452229299363057,0.24585987261146497,38.042857142857144,0.3279812534208525,0.19633723653995308,0.16730878876132577
/mnt/data/model-ckpts/sam/sam2-hiera-base-plus,MobileCLIP-S1,datacompdr,0.9,0.5,"ThresholdGrid(conf=0.9,mask=0.5)",0.29822627880743574,0.22962427139282227,4.6015625,0.1813211053931274,0.1732484076433121,0.46878980891719746,0.2700636942675159,16.02857142857143,0.05777355103382092,0.21040247657876107,0.21051231462054024
/mnt/data/model-ckpts/sam/sam2-hiera-base-plus,MobileCLIP-S1,datacompdr,0.9,0.9,"ThresholdGrid(conf=0.9,mask=0.9)",0.2935533511585423,0.22962427139282227,4.6015625,0.1813211053931274,0.1732484076433121,0.46878980891719746,0.2700636942675159,16.02857142857143,0.05777355103382092,0.21040247657876107,0.21051231462054024
/mnt/data/model-ckpts/sam/sam2-hiera-base-plus,MobileCLIP-S1,datacompdr,0.5,0.5,"ThresholdGrid(conf=0.5,mask=0.5)",0.3425750249464597,0.22983026504516602,4.6015625,0.17451238323837007,0.16305732484076432,0.5452229299363057,0.28662420382165604,38.042857142857144,0.3279812534208525,0.22021721275938544,0.20288986755155752
/mnt/data/model-ckpts/sam/sam2-hiera-base-plus,MobileCLIP-S2,datacompdr,0.9,0.5,"ThresholdGrid(conf=0.9,mask=0.5)",0.2941435469048364,0.25895118713378906,5.677734375,0.17696896628729333,0.16687898089171974,0.46878980891719746,0.2662420382165605,16.02857142857143,0.05777355103382092,0.21687182719540443,0.20997850777370464
/mnt/data/model-ckpts/sam/sam2-hiera-base-plus,MobileCLIP-S2,datacompdr,0.9,0.9,"ThresholdGrid(conf=0.9,mask=0.9)",0.29391127172857523,0.25895118713378906,5.677734375,0.17696896628729333,0.16687898089171974,0.46878980891719746,0.2662420382165605,16.02857142857143,0.05777355103382092,0.21687182719540443,0.20997850777370464
/mnt/data/model-ckpts/sam/sam2-hiera-base-plus,MobileCLIP-S2,datacompdr,0.5,0.5,"ThresholdGrid(conf=0.5,mask=0.5)",0.3373501389952643,0.2591571807861328,5.677734375,0.173698375813525,0.16178343949044585,0.5452229299363057,0.2840764331210191,38.042857142857144,0.3279812534208525,0.2266158676925738,0.2036971014255115
/mnt/data/model-ckpts/sam/sam2-hiera-base-plus,ViT-H-14,laion2b_s32b_b79k,0.9,0.5,"ThresholdGrid(conf=0.9,mask=0.5)",0.3128833436806287,2.0271778106689453,9.046875,0.14650617998282792,0.14522292993630573,0.46878980891719746,0.22038216560509555,16.02857142857143,0.05777355103382092,0.2392567584563972,0.1828591385287171
/mnt/data/model-ckpts/sam/sam2-hiera-base-plus,ViT-H-14,laion2b_s32b_b79k,0.9,0.9,"ThresholdGrid(conf=0.9,mask=0.9)",0.3210255676614387,2.0271778106689453,9.046875,0.14650617998282792,0.14522292993630573,0.46878980891719746,0.22038216560509555,16.02857142857143,0.05777355103382092,0.2392567584563972,0.1828591385287171
/mnt/data/model-ckpts/sam/sam2-hiera-base-plus,ViT-H-14,laion2b_s32b_b79k,0.5,0.5,"ThresholdGrid(conf=0.5,mask=0.5)",0.36362724245658945,2.027576446533203,9.046875,0.14118531019380046,0.13885350318471337,0.5452229299363057,0.24076433121019108,38.042857142857144,0.3279812534208525,0.25217452901563825,0.16824443464378944
/mnt/data/model-ckpts/sam/sam2-hiera-base-plus,ViT-H-14,metaclip_fullcc,0.9,0.5,"ThresholdGrid(conf=0.9,mask=0.5)",0.3133035564262952,2.0271778106689453,9.046875,0.16485523129331023,0.15159235668789808,0.46878980891719746,0.25987261146496815,16.02857142857143,0.05777355103382092,0.3158646239976215,0.1925939525834519
/mnt/data/model-ckpts/sam/sam2-hiera-base-plus,ViT-H-14,metaclip_fullcc,0.9,0.9,"ThresholdGrid(conf=0.9,mask=0.9)",0.31230022931205376,2.0271778106689453,9.046875,0.16485523129331023,0.15159235668789808,0.46878980891719746,0.25987261146496815,16.02857142857143,0.05777355103382092,0.3158646239976215,0.1925939525834519
/mnt/data/model-ckpts/sam/sam2-hiera-base-plus,ViT-H-14,metaclip_fullcc,0.5,0.5,"ThresholdGrid(conf=0.5,mask=0.5)",0.35318801778235603,2.027576446533203,9.046875,0.1680436204828537,0.15286624203821655,0.5452229299363057,0.289171974522293,38.042857142857144,0.3279812534208525,0.3191421552828163,0.18711369806722916
/mnt/data/model-ckpts/sam/sam2-hiera-base-plus,ViT-B-16-SigLIP2,webli,0.9,0.5,"ThresholdGrid(conf=0.9,mask=0.5)",0.3110447266538228,0.7839794158935547,2.8828125,0.15590344399427966,0.14522292993630573,0.46878980891719746,0.23694267515923567,16.02857142857143,0.05777355103382092,0.09747975529379146,0.1887398594117304
/mnt/data/model-ckpts/sam/sam2-hiera-base-plus,ViT-B-16-SigLIP2,webli,0.9,0.9,"ThresholdGrid(conf=0.9,mask=0.9)",0.3124362822355969,0.7839794158935547,2.8828125,0.15590344399427966,0.14522292993630573,0.46878980891719746,0.23694267515923567,16.02857142857143,0.05777355103382092,0.09747975529379146,0.1887398594117304
/mnt/data/model-ckpts/sam/sam2-hiera-base-plus,ViT-B-16-SigLIP2,webli,0.5,0.5,"ThresholdGrid(conf=0.5,mask=0.5)",0.35264393913426567,0.7842817306518555,2.8828125,0.17214550256425895,0.15796178343949044,0.5452229299363057,0.2751592356687898,38.042857142857144,0.3279812534208525,0.10228809764146045,0.18488184164810811
/mnt/data/model-ckpts/sam/sam2-hiera-base-plus,ViT-L-16-SigLIP2-384,webli,0.9,0.5,"ThresholdGrid(conf=0.9,mask=0.5)",0.31932819568152937,1.7148876190185547,10.568359375,0.15792384661394238,0.1503184713375796,0.46878980891719746,0.24076433121019108,16.02857142857143,0.05777355103382092,0.09963730558942838,0.19395789238555106
/mnt/data/model-ckpts/sam/sam2-hiera-base-plus,ViT-L-16-SigLIP2-384,webli,0.9,0.9,"ThresholdGrid(conf=0.9,mask=0.9)",0.3198215604892799,1.7148876190185547,10.568359375,0.15792384661394238,0.1503184713375796,0.46878980891719746,0.24076433121019108,16.02857142857143,0.05777355103382092,0.09963730558942838,0.19395789238555106
/mnt/data/model-ckpts/sam/sam2-hiera-base-plus,ViT-L-16-SigLIP2-384,webli,0.5,0.5,"ThresholdGrid(conf=0.5,mask=0.5)",0.36195114787135807,1.7152862548828125,10.568359375,0.1530027198991572,0.14394904458598726,0.5452229299363057,0.25987261146496815,38.042857142857144,0.3279812534208525,0.10541914969113222,0.18951887562318834
/mnt/data/model-ckpts/sam/sam2-hiera-base-plus,EVA02-B-16,merged2b_s8b_b131k,0.9,0.5,"ThresholdGrid(conf=0.9,mask=0.5)",0.2941252630470054,0.3535022735595703,3.5234375,0.16159005602664028,0.14904458598726114,0.46878980891719746,0.24331210191082803,16.02857142857143,0.05777355103382092,0.16023481854587604,0.186959601862837
/mnt/data/model-ckpts/sam/sam2-hiera-base-plus,EVA02-B-16,merged2b_s8b_b131k,0.9,0.9,"ThresholdGrid(conf=0.9,mask=0.9)",0.2971130589555417,0.3535022735595703,3.5234375,0.16159005602664028,0.14904458598726114,0.46878980891719746,0.24331210191082803,16.02857142857143,0.05777355103382092,0.16023481854587604,0.186959601862837
/mnt/data/model-ckpts/sam/sam2-hiera-base-plus,EVA02-B-16,merged2b_s8b_b131k,0.5,0.5,"ThresholdGrid(conf=0.5,mask=0.5)",0.34238641216818777,0.35370826721191406,3.5234375,0.15730675727728025,0.1503184713375796,0.5452229299363057,0.2522292993630573,38.042857142857144,0.3279812534208525,0.1659362118050551,0.1771368526244707
/mnt/data/model-ckpts/sam/sam2-hiera-base-plus,EVA02-L-14,merged2b_s4b_b131k,0.9,0.5,"ThresholdGrid(conf=0.9,mask=0.5)",0.29963889558400425,0.8750462532043457,6.455078125,0.15901207411744503,0.1503184713375796,0.46878980891719746,0.23312101910828026,16.02857142857143,0.05777355103382092,0.20519164322288172,0.1926297471404742
/mnt/data/model-ckpts/sam/sam2-hiera-base-plus,EVA02-L-14,merged2b_s4b_b131k,0.9,0.9,"ThresholdGrid(conf=0.9,mask=0.9)",0.299305808065193,0.8750462532043457,6.455078125,0.15901207411744503,0.1503184713375796,0.46878980891719746,0.23312101910828026,16.02857142857143,0.05777355103382092,0.20519164322288172,0.1926297471404742
/mnt/data/model-ckpts/sam/sam2-hiera-base-plus,EVA02-L-14,merged2b_s4b_b131k,0.5,0.5,"ThresholdGrid(conf=0.5,mask=0.5)",0.353901188022324,0.8753485679626465,6.455078125,0.1706147191569876,0.1681528662420382,0.5452229299363057,0.27261146496815286,38.042857142857144,0.3279812534208525,0.21138378507012776,0.1948306050154364
/mnt/data/model-ckpts/sam/sam2-hiera-base-plus,ViT-H-14,dfn5b,0.9,0.5,"ThresholdGrid(conf=0.9,mask=0.5)",0.3045381545754416,2.0271778106689453,9.046875,0.1497685558740213,0.14140127388535031,0.46878980891719746,0.22038216560509555,16.02857142857143,0.05777355103382092,0.22578744235312104,0.18541081516801775
/mnt/data/model-ckpts/sam/sam2-hiera-base-plus,ViT-H-14,dfn5b,0.9,0.9,"ThresholdGrid(conf=0.9,mask=0.9)",0.31027355497436865,2.0271778106689453,9.046875,0.1497685558740213,0.14140127388535031,0.46878980891719746,0.22038216560509555,16.02857142857143,0.05777355103382092,0.22578744235312104,0.18541081516801775
/mnt/data/model-ckpts/sam/sam2-hiera-base-plus,ViT-H-14,dfn5b,0.5,0.5,"ThresholdGrid(conf=0.5,mask=0.5)",0.35075543647898094,2.027576446533203,9.046875,0.1540051270307069,0.14394904458598726,0.5452229299363057,0.2522292993630573,38.042857142857144,0.3279812534208525,0.23618625280963387,0.17786082282112858
/mnt/data/model-ckpts/sam/sam2-hiera-base-plus,MobileCLIP-B,datacompdr,0.9,0.5,"ThresholdGrid(conf=0.9,mask=0.5)",0.28854910882988144,0.3544735908508301,3.3671875,0.1758746812045374,0.17197452229299362,0.46878980891719746,0.2662420382165605,16.02857142857143,0.05777355103382092,0.1683181898324353,0.21239176441609797
/mnt/data/model-ckpts/sam/sam2-hiera-base-plus,MobileCLIP-B,datacompdr,0.9,0.9,"ThresholdGrid(conf=0.9,mask=0.9)",0.2902612555772066,0.3544735908508301,3.3671875,0.1758746812045374,0.17197452229299362,0.46878980891719746,0.2662420382165605,16.02857142857143,0.05777355103382092,0.1683181898324353,0.21239176441609797
/mnt/data/model-ckpts/sam/sam2-hiera-base-plus,MobileCLIP-B,datacompdr,0.5,0.5,"ThresholdGrid(conf=0.5,mask=0.5)",0.342823302240244,0.35467958450317383,3.3671875,0.18070343930930252,0.17452229299363056,0.5452229299363057,0.29936305732484075,38.042857142857144,0.3279812534208525,0.17786116477600328,0.2117641829745334
/mnt/data/model-ckpts/sam/sam2-hiera-base-plus,MobileCLIP2-S0,dfndr2b,0.9,0.5,"ThresholdGrid(conf=0.9,mask=0.5)",0.29934883516814026,0.2105727195739746,4.591796875,0.17325401626325188,0.16942675159235668,0.46878980891719746,0.2522292993630573,16.02857142857143,0.05777355103382092,0.227577683215688,0.20461631475691244
/mnt/data/model-ckpts/sam/sam2-hiera-base-plus,MobileCLIP2-S0,dfndr2b,0.9,0.9,"ThresholdGrid(conf=0.9,mask=0.9)",0.29557523251112017,0.2105727195739746,4.591796875,0.17325401626325188,0.16942675159235668,0.46878980891719746,0.2522292993630573,16.02857142857143,0.05777355103382092,0.227577683215688,0.20461631475691244
/mnt/data/model-ckpts/sam/sam2-hiera-base-plus,MobileCLIP2-S0,dfndr2b,0.5,0.5,"ThresholdGrid(conf=0.5,mask=0.5)",0.35320690034755636,0.21077871322631836,4.591796875,0.17862416121486036,0.1732484076433121,0.5452229299363057,0.2917197452229299,38.042857142857144,0.3279812534208525,0.2371531317568129,0.19967872008732862
/mnt/data/model-ckpts/sam/sam2-hiera-base-plus,MobileCLIP2-S2,dfndr2b,0.9,0.5,"ThresholdGrid(conf=0.9,mask=0.5)",0.2991439741370933,0.25895118713378906,5.677734375,0.16907834956890347,0.16687898089171974,0.46878980891719746,0.24713375796178344,16.02857142857143,0.05777355103382092,0.24566249923341593,0.20444052929782808
/mnt/data/model-ckpts/sam/sam2-hiera-base-plus,MobileCLIP2-S2,dfndr2b,0.9,0.9,"ThresholdGrid(conf=0.9,mask=0.9)",0.2971987273277981,0.25895118713378906,5.677734375,0.16907834956890347,0.16687898089171974,0.46878980891719746,0.24713375796178344,16.02857142857143,0.05777355103382092,0.24566249923341593,0.20444052929782808
/mnt/data/model-ckpts/sam/sam2-hiera-base-plus,MobileCLIP2-S2,dfndr2b,0.5,0.5,"ThresholdGrid(conf=0.5,mask=0.5)",0.3480267943814397,0.2591571807861328,5.677734375,0.1712081520098166,0.16687898089171974,0.5452229299363057,0.28152866242038216,38.042857142857144,0.3279812534208525,0.25757900244870763,0.20049307840409267
/mnt/data/model-ckpts/sam/sam2-hiera-base-plus,MobileCLIP2-B,dfndr2b,0.9,0.5,"ThresholdGrid(conf=0.9,mask=0.5)",0.2923476942149656,0.3544735908508301,3.3671875,0.1632779852556272,0.16178343949044585,0.46878980891719746,0.2394904458598726,16.02857142857143,0.05777355103382092,0.24277619121560626,0.19966710964162207
/mnt/data/model-ckpts/sam/sam2-hiera-base-plus,MobileCLIP2-B,dfndr2b,0.9,0.9,"ThresholdGrid(conf=0.9,mask=0.9)",0.2897371870598623,0.3544735908508301,3.3671875,0.1632779852556272,0.16178343949044585,0.46878980891719746,0.2394904458598726,16.02857142857143,0.05777355103382092,0.24277619121560626,0.19966710964162207
/mnt/data/model-ckpts/sam/sam2-hiera-base-plus,MobileCLIP2-B,dfndr2b,0.5,0.5,"ThresholdGrid(conf=0.5,mask=0.5)",0.34049494923757656,0.35467958450317383,3.3671875,0.15900493223089365,0.15286624203821655,0.5452229299363057,0.26878980891719745,38.042857142857144,0.3279812534208525,0.2560142767846964,0.18680225561137778
/mnt/data/model-ckpts/sam/sam2-hiera-large,ViT-B-32,laion2b_s34b_b79k,0.9,0.5,"ThresholdGrid(conf=0.9,mask=0.5)",0.30751298514327835,0.4093961715698242,2.041015625,0.12301135992315385,0.11719745222929936,0.44331210191082804,0.1910828025477707,16.114285714285714,0.08100082543704112,0.25321199671857675,0.15650813515218878
/mnt/data/model-ckpts/sam/sam2-hiera-large,ViT-B-32,laion2b_s34b_b79k,0.9,0.9,"ThresholdGrid(conf=0.9,mask=0.9)",0.30384324823639225,0.4093961715698242,2.041015625,0.12301135992315385,0.11719745222929936,0.44331210191082804,0.1910828025477707,16.114285714285714,0.08100082543704112,0.25321199671857675,0.15650813515218878
/mnt/data/model-ckpts/sam/sam2-hiera-large,ViT-B-32,laion2b_s34b_b79k,0.5,0.5,"ThresholdGrid(conf=0.5,mask=0.5)",0.35783297581864254,0.4095773696899414,2.041015625,0.1250441420866458,0.1197452229299363,0.5515923566878981,0.2089171974522293,39.857142857142854,0.3630719882822808,0.26129417390960036,0.14883260899246833
/mnt/data/model-ckpts/sam/sam2-hiera-large,ViT-B-32,datacomp_xl_s13b_b90k,0.9,0.5,"ThresholdGrid(conf=0.9,mask=0.5)",0.3044657242883529,0.4093961715698242,2.041015625,0.13469821168343304,0.12484076433121019,0.44331210191082804,0.2089171974522293,16.114285714285714,0.08100082543704112,0.19984569101576594,0.16238657108438811
/mnt/data/model-ckpts/sam/sam2-hiera-large,ViT-B-32,datacomp_xl_s13b_b90k,0.9,0.9,"ThresholdGrid(conf=0.9,mask=0.9)",0.3042960971859949,0.4093961715698242,2.041015625,0.13469821168343304,0.12484076433121019,0.44331210191082804,0.2089171974522293,16.114285714285714,0.08100082543704112,0.19984569101576594,0.16238657108438811
/mnt/data/model-ckpts/sam/sam2-hiera-large,ViT-B-32,datacomp_xl_s13b_b90k,0.5,0.5,"ThresholdGrid(conf=0.5,mask=0.5)",0.3490852757490107,0.4095773696899414,2.041015625,0.13396264459619261,0.12229299363057325,0.5515923566878981,0.23312101910828026,39.857142857142854,0.3630719882822808,0.2089958249004024,0.15658607824956777
/mnt/data/model-ckpts/sam/sam2-hiera-large,ViT-B-16,laion2b_s34b_b88k,0.9,0.5,"ThresholdGrid(conf=0.9,mask=0.5)",0.30334676017186474,0.4071311950683594,3.095703125,0.14743406849364873,0.14140127388535031,0.44331210191082804,0.22165605095541402,16.114285714285714,0.08100082543704112,0.22505530901015944,0.177476117322482
/mnt/data/model-ckpts/sam/sam2-hiera-large,ViT-B-16,laion2b_s34b_b88k,0.9,0.9,"ThresholdGrid(conf=0.9,mask=0.9)",0.3008192438366158,0.4071311950683594,3.095703125,0.14743406849364873,0.14140127388535031,0.44331210191082804,0.22165605095541402,16.114285714285714,0.08100082543704112,0.22505530901015944,0.177476117322482
/mnt/data/model-ckpts/sam/sam2-hiera-large,ViT-B-16,laion2b_s34b_b88k,0.5,0.5,"ThresholdGrid(conf=0.5,mask=0.5)",0.3609301389328071,0.40731239318847656,3.095703125,0.13312287515971333,0.12611464968152866,0.5515923566878981,0.21528662420382166,39.857142857142854,0.3630719882822808,0.23559934878425234,0.1658681791660569
/mnt/data/model-ckpts/sam/sam2-hiera-large,ViT-B-16-SigLIP,webli,0.9,0.5,"ThresholdGrid(conf=0.9,mask=0.5)",0.29769365542701315,0.4622325897216797,2.810546875,0.12864199843306845,0.12611464968152866,0.44331210191082804,0.19745222929936307,16.114285714285714,0.08100082543704112,0.06844108788605044,0.16527744475665046
/mnt/data/model-ckpts/sam/sam2-hiera-large,ViT-B-16-SigLIP,webli,0.9,0.9,"ThresholdGrid(conf=0.9,mask=0.9)",0.29884849209338427,0.4622325897216797,2.810546875,0.12864199843306845,0.12611464968152866,0.44331210191082804,0.19745222929936307,16.114285714285714,0.08100082543704112,0.06844108788605044,0.16527744475665046
/mnt/data/model-ckpts/sam/sam2-hiera-large,ViT-B-16-SigLIP,webli,0.5,0.5,"ThresholdGrid(conf=0.5,mask=0.5)",0.3526143164240888,0.4624977111816406,2.810546875,0.1431931502420765,0.14012738853503184,0.5515923566878981,0.2394904458598726,39.857142857142854,0.3630719882822808,0.07536400410044156,0.16803177506925876
/mnt/data/model-ckpts/sam/sam2-hiera-large,ViT-L-14,laion2b_s32b_b82k,0.9,0.5,"ThresholdGrid(conf=0.9,mask=0.5)",0.30298507772386074,0.9581375122070312,5.734375,0.14223975045800624,0.13630573248407643,0.44331210191082804,0.2140127388535032,16.114285714285714,0.08100082543704112,0.24554197741731718,0.17094208182001544
/mnt/data/model-ckpts/sam/sam2-hiera-large,ViT-L-14,laion2b_s32b_b82k,0.9,0.9,"ThresholdGrid(conf=0.9,mask=0.9)",0.31796255082424196,0.9581375122070312,5.734375,0.14223975045800624,0.13630573248407643,0.44331210191082804,0.2140127388535032,16.114285714285714,0.08100082543704112,0.24554197741731718,0.17094208182001544
/mnt/data/model-ckpts/sam/sam2-hiera-large,ViT-L-14,laion2b_s32b_b82k,0.5,0.5,"ThresholdGrid(conf=0.5,mask=0.5)",0.36637167712407454,0.9584026336669922,5.734375,0.13546214142625543,0.13121019108280255,0.5515923566878981,0.2267515923566879,39.857142857142854,0.3630719882822808,0.2561196465401133,0.16457895845491805
/mnt/data/model-ckpts/sam/sam2-hiera-large,ViT-L-14,dfn2b,0.9,0.5,"ThresholdGrid(conf=0.9,mask=0.5)",0.3033526541133012,0.9581375122070312,5.734375,0.15077443394297446,0.14904458598726114,0.44331210191082804,0.21910828025477708,16.114285714285714,0.08100082543704112,0.19900014833280236,0.1857800202853984
/mnt/data/model-ckpts/sam/sam2-hiera-large,ViT-L-14,dfn2b,0.9,0.9,"ThresholdGrid(conf=0.9,mask=0.9)",0.3148982334615929,0.9581375122070312,5.734375,0.15077443394297446,0.14904458598726114,0.44331210191082804,0.21910828025477708,16.114285714285714,0.08100082543704112,0.19900014833280236,0.1857800202853984
/mnt/data/model-ckpts/sam/sam2-hiera-large,ViT-L-14,dfn2b,0.5,0.5,"ThresholdGrid(conf=0.5,mask=0.5)",0.37355959814574036,0.9584026336669922,5.734375,0.15875866856270995,0.15668789808917197,0.5515923566878981,0.2585987261146497,39.857142857142854,0.3630719882822808,0.20904069074969384,0.18469421295437335
/mnt/data/model-ckpts/sam/sam2-hiera-large,ViT-L-14,datacomp_xl_s13b_b90k,0.9,0.5,"ThresholdGrid(conf=0.9,mask=0.5)",0.31472097616642714,0.9581375122070312,5.734375,0.14264840300405204,0.13885350318471337,0.44331210191082804,0.2178343949044586,16.114285714285714,0.08100082543704112,0.1822836958393929,0.17376113847651045
/mnt/data/model-ckpts/sam/sam2-hiera-large,ViT-L-14,datacomp_xl_s13b_b90k,0.9,0.9,"ThresholdGrid(conf=0.9,mask=0.9)",0.31651552500469343,0.9581375122070312,5.734375,0.14264840300405204,0.13885350318471337,0.44331210191082804,0.2178343949044586,16.114285714285714,0.08100082543704112,0.1822836958393929,0.17376113847651045
/mnt/data/model-ckpts/sam/sam2-hiera-large,ViT-L-14,datacomp_xl_s13b_b90k,0.5,0.5,"ThresholdGrid(conf=0.5,mask=0.5)",0.36196946831686155,0.9584026336669922,5.734375,0.14319348142947433,0.14140127388535031,0.5515923566878981,0.2318471337579618,39.857142857142854,0.3630719882822808,0.19570155148483387,0.17135884604999355
/mnt/data/model-ckpts/sam/sam2-hiera-large,MobileCLIP-S1,datacompdr,0.9,0.5,"ThresholdGrid(conf=0.9,mask=0.5)",0.2907620377040335,0.2301325798034668,5.0703125,0.1797162879183936,0.17070063694267515,0.44331210191082804,0.26369426751592356,16.114285714285714,0.08100082543704112,0.20976738820599902,0.20541274641366336
/mnt/data/model-ckpts/sam/sam2-hiera-large,MobileCLIP-S1,datacompdr,0.9,0.9,"ThresholdGrid(conf=0.9,mask=0.9)",0.30051052370773895,0.2301325798034668,5.0703125,0.1797162879183936,0.17070063694267515,0.44331210191082804,0.26369426751592356,16.114285714285714,0.08100082543704112,0.20976738820599902,0.20541274641366336
/mnt/data/model-ckpts/sam/sam2-hiera-large,MobileCLIP-S1,datacompdr,0.5,0.5,"ThresholdGrid(conf=0.5,mask=0.5)",0.355932568865163,0.23031377792358398,5.0703125,0.18396176339941064,0.17961783439490445,0.5515923566878981,0.29044585987261146,39.857142857142854,0.3630719882822808,0.2195418727815531,0.21242409382536692
/mnt/data/model-ckpts/sam/sam2-hiera-large,MobileCLIP-S2,datacompdr,0.9,0.5,"ThresholdGrid(conf=0.9,mask=0.5)",0.5135436442547611,0.2584829330444336,6.234375,0.18021863598339208,0.17452229299363056,0.44331210191082804,0.2700636942675159,16.114285714285714,0.08100082543704112,0.2152029626023997,0.2069549486287965
/mnt/data/model-ckpts/sam/sam2-hiera-large,MobileCLIP-S2,datacompdr,0.9,0.9,"ThresholdGrid(conf=0.9,mask=0.9)",0.30249051550137146,0.2584829330444336,6.234375,0.18021863598339208,0.17452229299363056,0.44331210191082804,0.2700636942675159,16.114285714285714,0.08100082543704112,0.2152029626023997,0.2069549486287965
/mnt/data/model-ckpts/sam/sam2-hiera-large,MobileCLIP-S2,datacompdr,0.5,0.5,"ThresholdGrid(conf=0.5,mask=0.5)",0.3598876197689346,0.2586641311645508,6.234375,0.1787514930384689,0.16942675159235668,0.5515923566878981,0.2929936305732484,39.857142857142854,0.3630719882822808,0.2260644505927517,0.2102347135185475
/mnt/data/model-ckpts/sam/sam2-hiera-large,ViT-H-14,laion2b_s32b_b79k,0.9,0.5,"ThresholdGrid(conf=0.9,mask=0.5)",0.3167551443246858,2.030636787414551,9.00390625,0.14563501099763074,0.13885350318471337,0.44331210191082804,0.21656050955414013,16.114285714285714,0.08100082543704112,0.2399919310193153,0.17282177898158477
/mnt/data/model-ckpts/sam/sam2-hiera-large,ViT-H-14,laion2b_s32b_b79k,0.9,0.9,"ThresholdGrid(conf=0.9,mask=0.9)",0.320746104366013,2.030636787414551,9.00390625,0.14563501099763074,0.13885350318471337,0.44331210191082804,0.21656050955414013,16.114285714285714,0.08100082543704112,0.2399919310193153,0.17282177898158477
/mnt/data/model-ckpts/sam/sam2-hiera-large,ViT-H-14,laion2b_s32b_b79k,0.5,0.5,"ThresholdGrid(conf=0.5,mask=0.5)",0.40499316195824314,2.0309858322143555,9.00390625,0.1425159856814158,0.1375796178343949,0.5515923566878981,0.2356687898089172,39.857142857142854,0.3630719882822808,0.25267623755962226,0.1684181180971604
/mnt/data/model-ckpts/sam/sam2-hiera-large,ViT-H-14,metaclip_fullcc,0.9,0.5,"ThresholdGrid(conf=0.9,mask=0.5)",0.3209619550034404,2.030636787414551,9.00390625,0.16796146892451871,0.15668789808917197,0.44331210191082804,0.26369426751592356,16.114285714285714,0.08100082543704112,0.3159313397422718,0.18872083402633438
/mnt/data/model-ckpts/sam/sam2-hiera-large,ViT-H-14,metaclip_fullcc,0.9,0.9,"ThresholdGrid(conf=0.9,mask=0.9)",0.3150667729122298,2.030636787414551,9.00390625,0.16796146892451871,0.15668789808917197,0.44331210191082804,0.26369426751592356,16.114285714285714,0.08100082543704112,0.3159313397422718,0.18872083402633438
/mnt/data/model-ckpts/sam/sam2-hiera-large,ViT-H-14,metaclip_fullcc,0.5,0.5,"ThresholdGrid(conf=0.5,mask=0.5)",0.3625674206497414,2.0309858322143555,9.00390625,0.17772911318410986,0.17070063694267515,0.5515923566878981,0.2917197452229299,39.857142857142854,0.3630719882822808,0.319247506910069,0.19563268152043947
/mnt/data/model-ckpts/sam/sam2-hiera-large,ViT-B-16-SigLIP2,webli,0.9,0.5,"ThresholdGrid(conf=0.9,mask=0.5)",0.3018847932772977,0.7819347381591797,3.130859375,0.16185001515738914,0.15414012738853503,0.44331210191082804,0.25095541401273885,16.114285714285714,0.08100082543704112,0.09686572917612495,0.18781568692227132
/mnt/data/model-ckpts/sam/sam2-hiera-large,ViT-B-16-SigLIP2,webli,0.9,0.9,"ThresholdGrid(conf=0.9,mask=0.9)",0.3122444996344192,0.7819347381591797,3.130859375,0.16185001515738914,0.15414012738853503,0.44331210191082804,0.25095541401273885,16.114285714285714,0.08100082543704112,0.09686572917612495,0.18781568692227132
/mnt/data/model-ckpts/sam/sam2-hiera-large,ViT-B-16-SigLIP2,webli,0.5,0.5,"ThresholdGrid(conf=0.5,mask=0.5)",0.35970725917390417,0.7821998596191406,3.130859375,0.16322993831306745,0.15414012738853503,0.5515923566878981,0.2713375796178344,39.857142857142854,0.3630719882822808,0.10201587628122348,0.18795145561465917
/mnt/data/model-ckpts/sam/sam2-hiera-large,ViT-L-16-SigLIP2-384,webli,0.9,0.5,"ThresholdGrid(conf=0.9,mask=0.5)",0.31565510601337465,1.7149286270141602,10.095703125,0.16227163225112534,0.1554140127388535,0.44331210191082804,0.25095541401273885,16.114285714285714,0.08100082543704112,0.09948821823782981,0.18862791791603403
/mnt/data/model-ckpts/sam/sam2-hiera-large,ViT-L-16-SigLIP2-384,webli,0.9,0.9,"ThresholdGrid(conf=0.9,mask=0.9)",0.32375111976372345,1.7149286270141602,10.095703125,0.16227163225112534,0.1554140127388535,0.44331210191082804,0.25095541401273885,16.114285714285714,0.08100082543704112,0.09948821823782981,0.18862791791603403
/mnt/data/model-ckpts/sam/sam2-hiera-large,ViT-L-16-SigLIP2-384,webli,0.5,0.5,"ThresholdGrid(conf=0.5,mask=0.5)",0.3731776394748262,1.7152776718139648,10.095703125,0.1636763993790293,0.1592356687898089,0.5515923566878981,0.267515923566879,39.857142857142854,0.3630719882822808,0.10556133270833143,0.19807179245799592
/mnt/data/model-ckpts/sam/sam2-hiera-large,EVA02-B-16,merged2b_s8b_b131k,0.9,0.5,"ThresholdGrid(conf=0.9,mask=0.5)",0.2960146770679525,0.35401058197021484,3.640625,0.1534469053285454,0.14267515923566879,0.44331210191082804,0.2318471337579618,16.114285714285714,0.08100082543704112,0.16084542350404582,0.176835759708213
/mnt/data/model-ckpts/sam/sam2-hiera-large,EVA02-B-16,merged2b_s8b_b131k,0.9,0.9,"ThresholdGrid(conf=0.9,mask=0.9)",0.297724043152162,0.35401058197021484,3.640625,0.1534469053285454,0.14267515923566879,0.44331210191082804,0.2318471337579618,16.114285714285714,0.08100082543704112,0.16084542350404582,0.176835759708213
/mnt/data/model-ckpts/sam/sam2-hiera-large,EVA02-B-16,merged2b_s8b_b131k,0.5,0.5,"ThresholdGrid(conf=0.5,mask=0.5)",0.3490231332502195,0.35419178009033203,3.640625,0.15651098388202636,0.15286624203821655,0.5515923566878981,0.2522292993630573,39.857142857142854,0.3630719882822808,0.16654835749583638,0.18210685603482335
/mnt/data/model-ckpts/sam/sam2-hiera-large,EVA02-L-14,merged2b_s4b_b131k,0.9,0.5,"ThresholdGrid(conf=0.9,mask=0.5)",0.30812826340219807,0.874870777130127,7.15625,0.15965088976201114,0.1554140127388535,0.44331210191082804,0.23821656050955414,16.114285714285714,0.08100082543704112,0.2053214138100861,0.18914047625876917
/mnt/data/model-ckpts/sam/sam2-hiera-large,EVA02-L-14,merged2b_s4b_b131k,0.9,0.9,"ThresholdGrid(conf=0.9,mask=0.9)",0.31210803759417366,0.874870777130127,7.15625,0.15965088976201114,0.1554140127388535,0.44331210191082804,0.23821656050955414,16.114285714285714,0.08100082543704112,0.2053214138100861,0.18914047625876917
/mnt/data/model-ckpts/sam/sam2-hiera-large,EVA02-L-14,merged2b_s4b_b131k,0.5,0.5,"ThresholdGrid(conf=0.5,mask=0.5)",0.35339661075600554,0.8751358985900879,7.15625,0.16908077919794937,0.16687898089171974,0.5515923566878981,0.27388535031847133,39.857142857142854,0.3630719882822808,0.21147094139247943,0.19913886493143512
/mnt/data/model-ckpts/sam/sam2-hiera-large,ViT-H-14,dfn5b,0.9,0.5,"ThresholdGrid(conf=0.9,mask=0.5)",0.33173003633107456,2.030636787414551,9.00390625,0.15394466094553844,0.14904458598726114,0.44331210191082804,0.22802547770700637,16.114285714285714,0.08100082543704112,0.22688091207461752,0.18328258197768754
/mnt/data/model-ckpts/sam/sam2-hiera-large,ViT-H-14,dfn5b,0.9,0.9,"ThresholdGrid(conf=0.9,mask=0.9)",0.32014656545860426,2.030636787414551,9.00390625,0.15394466094553844,0.14904458598726114,0.44331210191082804,0.22802547770700637,16.114285714285714,0.08100082543704112,0.22688091207461752,0.18328258197768754
/mnt/data/model-ckpts/sam/sam2-hiera-large,ViT-H-14,dfn5b,0.5,0.5,"ThresholdGrid(conf=0.5,mask=0.5)",0.3683774432699595,2.0309858322143555,9.00390625,0.15261649343119088,0.14522292993630573,0.5515923566878981,0.24968152866242038,39.857142857142854,0.3630719882822808,0.23776790518669566,0.1834869244180152
/mnt/data/model-ckpts/sam/sam2-hiera-large,MobileCLIP-B,datacompdr,0.9,0.5,"ThresholdGrid(conf=0.9,mask=0.5)",0.297810895634549,0.3535170555114746,3.08984375,0.18012415080718489,0.17070063694267515,0.44331210191082804,0.2764331210191083,16.114285714285714,0.08100082543704112,0.16676591138835925,0.20599622852656713
/mnt/data/model-ckpts/sam/sam2-hiera-large,MobileCLIP-B,datacompdr,0.9,0.9,"ThresholdGrid(conf=0.9,mask=0.9)",0.29888293439788477,0.3535170555114746,3.08984375,0.18012415080718489,0.17070063694267515,0.44331210191082804,0.2764331210191083,16.114285714285714,0.08100082543704112,0.16676591138835925,0.20599622852656713
/mnt/data/model-ckpts/sam/sam2-hiera-large,MobileCLIP-B,datacompdr,0.5,0.5,"ThresholdGrid(conf=0.5,mask=0.5)",0.34166332999510424,0.3536982536315918,3.08984375,0.1907015564682412,0.18471337579617833,0.5515923566878981,0.3057324840764331,39.857142857142854,0.3630719882822808,0.17697628079705938,0.21474427008230104
/mnt/data/model-ckpts/sam/sam2-hiera-large,MobileCLIP2-S0,dfndr2b,0.9,0.5,"ThresholdGrid(conf=0.9,mask=0.5)",0.2968618845833199,0.21108102798461914,5.041015625,0.16563078083879026,0.16050955414012738,0.44331210191082804,0.24713375796178344,16.114285714285714,0.08100082543704112,0.22701925213929194,0.19519493449435935
/mnt/data/model-ckpts/sam/sam2-hiera-large,MobileCLIP2-S0,dfndr2b,0.9,0.9,"ThresholdGrid(conf=0.9,mask=0.9)",0.3002062639487641,0.21108102798461914,5.041015625,0.16563078083879026,0.16050955414012738,0.44331210191082804,0.24713375796178344,16.114285714285714,0.08100082543704112,0.22701925213929194,0.19519493449435935
/mnt/data/model-ckpts/sam/sam2-hiera-large,MobileCLIP2-S0,dfndr2b,0.5,0.5,"ThresholdGrid(conf=0.5,mask=0.5)",0.35299387693937334,0.21126222610473633,5.041015625,0.1735357360115177,0.16560509554140126,0.5515923566878981,0.28280254777070063,39.857142857142854,0.3630719882822808,0.23648147837371583,0.20126372106831125
/mnt/data/model-ckpts/sam/sam2-hiera-large,MobileCLIP2-S2,dfndr2b,0.9,0.5,"ThresholdGrid(conf=0.9,mask=0.5)",0.3095118362190468,0.2584829330444336,6.234375,0.166551335233079,0.16178343949044585,0.44331210191082804,0.2484076433121019,16.114285714285714,0.08100082543704112,0.2458241413353355,0.19324929229951768
/mnt/data/model-ckpts/sam/sam2-hiera-large,MobileCLIP2-S2,dfndr2b,0.9,0.9,"ThresholdGrid(conf=0.9,mask=0.9)",0.3042018307106836,0.2584829330444336,6.234375,0.166551335233079,0.16178343949044585,0.44331210191082804,0.2484076433121019,16.114285714285714,0.08100082543704112,0.2458241413353355,0.19324929229951768
/mnt/data/model-ckpts/sam/sam2-hiera-large,MobileCLIP2-S2,dfndr2b,0.5,0.5,"ThresholdGrid(conf=0.5,mask=0.5)",0.3547114153791751,0.2586641311645508,6.234375,0.17296061897323992,0.17197452229299362,0.5515923566878981,0.2764331210191083,39.857142857142854,0.3630719882822808,0.2577190182391246,0.2001687957013312
/mnt/data/model-ckpts/sam/sam2-hiera-large,MobileCLIP2-B,dfndr2b,0.9,0.5,"ThresholdGrid(conf=0.9,mask=0.5)",0.29981473261224373,0.3535170555114746,3.08984375,0.15970806446548924,0.15159235668789808,0.44331210191082804,0.24203821656050956,16.114285714285714,0.08100082543704112,0.2428419030680778,0.188495509228688
/mnt/data/model-ckpts/sam/sam2-hiera-large,MobileCLIP2-B,dfndr2b,0.9,0.9,"ThresholdGrid(conf=0.9,mask=0.9)",0.3060840170032212,0.3535170555114746,3.08984375,0.15970806446548924,0.15159235668789808,0.44331210191082804,0.24203821656050956,16.114285714285714,0.08100082543704112,0.2428419030680778,0.188495509228688
/mnt/data/model-ckpts/sam/sam2-hiera-large,MobileCLIP2-B,dfndr2b,0.5,0.5,"ThresholdGrid(conf=0.5,mask=0.5)",0.3542515781841108,0.3536982536315918,3.08984375,0.1571419342205871,0.1554140127388535,0.5515923566878981,0.2611464968152866,39.857142857142854,0.3630719882822808,0.2560679880866579,0.19010700331032232
/mnt/data/model-ckpts/sam/sam2-hiera-small,ViT-B-32,laion2b_s34b_b79k,0.9,0.5,"ThresholdGrid(conf=0.9,mask=0.5)",0.31921659662787405,0.4103665351867676,2.123046875,0.1190494376946738,0.11210191082802548,0.44331210191082804,0.18471337579617833,16.0,0.07544769589678058,0.25129228928096736,0.15522030734317022
/mnt/data/model-ckpts/sam/sam2-hiera-small,ViT-B-32,laion2b_s34b_b79k,0.9,0.9,"ThresholdGrid(conf=0.9,mask=0.9)",0.31011642089911867,0.4103665351867676,2.123046875,0.1190494376946738,0.11210191082802548,0.44331210191082804,0.18471337579617833,16.0,0.07544769589678058,0.25129228928096736,0.15522030734317022
/mnt/data/model-ckpts/sam/sam2-hiera-small,ViT-B-32,laion2b_s34b_b79k,0.5,0.5,"ThresholdGrid(conf=0.5,mask=0.5)",0.3656475305823343,0.41056299209594727,2.123046875,0.11102232014623521,0.09936305732484077,0.5503184713375796,0.20636942675159237,40.57142857142857,0.341334372699757,0.2618534449748932,0.14269776916676394
/mnt/data/model-ckpts/sam/sam2-hiera-small,ViT-B-32,datacomp_xl_s13b_b90k,0.9,0.5,"ThresholdGrid(conf=0.9,mask=0.5)",0.29799762913691147,0.4103665351867676,2.123046875,0.11595768851309983,0.10573248407643313,0.44331210191082804,0.18343949044585986,16.0,0.07544769589678058,0.1995079841488486,0.14963000894351008
/mnt/data/model-ckpts/sam/sam2-hiera-small,ViT-B-32,datacomp_xl_s13b_b90k,0.9,0.9,"ThresholdGrid(conf=0.9,mask=0.9)",0.3189983544871211,0.4103665351867676,2.123046875,0.11595768851309983,0.10573248407643313,0.44331210191082804,0.18343949044585986,16.0,0.07544769589678058,0.1995079841488486,0.14963000894351008
/mnt/data/model-ckpts/sam/sam2-hiera-small,ViT-B-32,datacomp_xl_s13b_b90k,0.5,0.5,"ThresholdGrid(conf=0.5,mask=0.5)",0.35890448239765,0.41056299209594727,2.123046875,0.12058788435274263,0.10573248407643313,0.5503184713375796,0.22802547770700637,40.57142857142857,0.341334372699757,0.20927215469111302,0.142537197064224
/mnt/data/model-ckpts/sam/sam2-hiera-small,ViT-B-16,laion2b_s34b_b88k,0.9,0.5,"ThresholdGrid(conf=0.9,mask=0.5)",0.3048703939254795,0.40895605087280273,3.345703125,0.13258197344034522,0.13248407643312102,0.44331210191082804,0.19745222929936307,16.0,0.07544769589678058,0.22575061346884745,0.16763300895016892
/mnt/data/model-ckpts/sam/sam2-hiera-small,ViT-B-16,laion2b_s34b_b88k,0.9,0.9,"ThresholdGrid(conf=0.9,mask=0.9)",0.31004507493759903,0.40895605087280273,3.345703125,0.13258197344034522,0.13248407643312102,0.44331210191082804,0.19745222929936307,16.0,0.07544769589678058,0.22575061346884745,0.16763300895016892
/mnt/data/model-ckpts/sam/sam2-hiera-small,ViT-B-16,laion2b_s34b_b88k,0.5,0.5,"ThresholdGrid(conf=0.5,mask=0.5)",0.3670105677364128,0.4091525077819824,3.345703125,0.14250719328861133,0.1337579617834395,0.5503184713375796,0.2445859872611465,40.57142857142857,0.341334372699757,0.23678361498246528,0.16514484280667194
/mnt/data/model-ckpts/sam/sam2-hiera-small,ViT-B-16-SigLIP,webli,0.9,0.5,"ThresholdGrid(conf=0.9,mask=0.5)",0.31678587796964813,0.4614901542663574,2.841796875,0.12192976295665955,0.11464968152866242,0.44331210191082804,0.1961783439490446,16.0,0.07544769589678058,0.0675566780161421,0.15659742030814874
/mnt/data/model-ckpts/sam/sam2-hiera-small,ViT-B-16-SigLIP,webli,0.9,0.9,"ThresholdGrid(conf=0.9,mask=0.9)",0.313548554134156,0.4614901542663574,2.841796875,0.12192976295665955,0.11464968152866242,0.44331210191082804,0.1961783439490446,16.0,0.07544769589678058,0.0675566780161421,0.15659742030814874
/mnt/data/model-ckpts/sam/sam2-hiera-small,ViT-B-16-SigLIP,webli,0.5,0.5,"ThresholdGrid(conf=0.5,mask=0.5)",0.3596019931137562,0.46178102493286133,2.841796875,0.13378094112019848,0.1286624203821656,0.5503184713375796,0.23821656050955414,40.57142857142857,0.341334372699757,0.07474715142943866,0.1642965776328949
/mnt/data/model-ckpts/sam/sam2-hiera-small,ViT-L-14,laion2b_s32b_b82k,0.9,0.5,"ThresholdGrid(conf=0.9,mask=0.5)",0.3188265986474497,0.9576430320739746,6.6484375,0.13249126717049112,0.12484076433121019,0.44331210191082804,0.19745222929936307,16.0,0.07544769589678058,0.24528740442292704,0.16410218775273158
/mnt/data/model-ckpts/sam/sam2-hiera-small,ViT-L-14,laion2b_s32b_b82k,0.9,0.9,"ThresholdGrid(conf=0.9,mask=0.9)",0.3164715998406921,0.9576430320739746,6.6484375,0.13249126717049112,0.12484076433121019,0.44331210191082804,0.19745222929936307,16.0,0.07544769589678058,0.24528740442292704,0.16410218775273158
/mnt/data/model-ckpts/sam/sam2-hiera-small,ViT-L-14,laion2b_s32b_b82k,0.5,0.5,"ThresholdGrid(conf=0.5,mask=0.5)",0.3514797925683005,0.9579339027404785,6.6484375,0.1332764178565467,0.1286624203821656,0.5503184713375796,0.2229299363057325,40.57142857142857,0.341334372699757,0.2566855946354046,0.16087319668371713
/mnt/data/model-ckpts/sam/sam2-hiera-small,ViT-L-14,dfn2b,0.9,0.5,"ThresholdGrid(conf=0.9,mask=0.5)",0.3120839296440993,0.955564022064209,6.6484375,0.146190190688508,0.14267515923566879,0.44331210191082804,0.22547770700636943,16.0,0.07544769589678058,0.19755197061095267,0.1755092590274842
/mnt/data/model-ckpts/sam/sam2-hiera-small,ViT-L-14,dfn2b,0.9,0.9,"ThresholdGrid(conf=0.9,mask=0.9)",0.31650498442884,0.955564022064209,6.6484375,0.146190190688508,0.14267515923566879,0.44331210191082804,0.22547770700636943,16.0,0.07544769589678058,0.19755197061095267,0.1755092590274842
/mnt/data/model-ckpts/sam/sam2-hiera-small,ViT-L-14,dfn2b,0.5,0.5,"ThresholdGrid(conf=0.5,mask=0.5)",0.3619750728830695,0.9558548927307129,6.6484375,0.14822499347492618,0.14394904458598726,0.5503184713375796,0.2611464968152866,40.57142857142857,0.341334372699757,0.20910226212944955,0.17808085913040717
/mnt/data/model-ckpts/sam/sam2-hiera-small,ViT-L-14,datacomp_xl_s13b_b90k,0.9,0.5,"ThresholdGrid(conf=0.9,mask=0.5)",0.31459818461111616,0.955564022064209,6.6484375,0.1361479804314189,0.1286624203821656,0.44331210191082804,0.21146496815286625,16.0,0.07544769589678058,0.1850622554303734,0.1644318396148914
/mnt/data/model-ckpts/sam/sam2-hiera-small,ViT-L-14,datacomp_xl_s13b_b90k,0.9,0.9,"ThresholdGrid(conf=0.9,mask=0.9)",0.3177316593272345,0.955564022064209,6.6484375,0.1361479804314189,0.1286624203821656,0.44331210191082804,0.21146496815286625,16.0,0.07544769589678058,0.1850622554303734,0.1644318396148914
/mnt/data/model-ckpts/sam/sam2-hiera-small,ViT-L-14,datacomp_xl_s13b_b90k,0.5,0.5,"ThresholdGrid(conf=0.5,mask=0.5)",0.3620500709595425,0.9558548927307129,6.6484375,0.14127904354284834,0.1286624203821656,0.5503184713375796,0.2624203821656051,40.57142857142857,0.341334372699757,0.19832376662143478,0.1632306036349533
/mnt/data/model-ckpts/sam/sam2-hiera-small,MobileCLIP-S1,datacompdr,0.9,0.5,"ThresholdGrid(conf=0.9,mask=0.5)",0.2945320847045098,0.23012638092041016,5.15625,0.16358921657511055,0.15414012738853503,0.44331210191082804,0.2522292993630573,16.0,0.07544769589678058,0.21061075320763953,0.19190367198403913
/mnt/data/model-ckpts/sam/sam2-hiera-small,MobileCLIP-S1,datacompdr,0.9,0.9,"ThresholdGrid(conf=0.9,mask=0.9)",0.2972330997831055,0.23012638092041016,5.15625,0.16358921657511055,0.15414012738853503,0.44331210191082804,0.2522292993630573,16.0,0.07544769589678058,0.21061075320763953,0.19190367198403913
/mnt/data/model-ckpts/sam/sam2-hiera-small,MobileCLIP-S1,datacompdr,0.5,0.5,"ThresholdGrid(conf=0.5,mask=0.5)",0.34604520270867006,0.23032283782958984,5.15625,0.17381804889419514,0.16178343949044585,0.5503184713375796,0.28535031847133757,40.57142857142857,0.341334372699757,0.22208649798942978,0.2042032275603548
/mnt/data/model-ckpts/sam/sam2-hiera-small,MobileCLIP-S2,datacompdr,0.9,0.5,"ThresholdGrid(conf=0.9,mask=0.5)",0.29751454213900225,0.25798845291137695,6.36328125,0.1645530539215971,0.15414012738853503,0.44331210191082804,0.25477707006369427,16.0,0.07544769589678058,0.21626579431211873,0.19180621261571626
/mnt/data/model-ckpts/sam/sam2-hiera-small,MobileCLIP-S2,datacompdr,0.9,0.9,"ThresholdGrid(conf=0.9,mask=0.9)",0.3076571339209165,0.25798845291137695,6.36328125,0.1645530539215971,0.15414012738853503,0.44331210191082804,0.25477707006369427,16.0,0.07544769589678058,0.21626579431211873,0.19180621261571626
/mnt/data/model-ckpts/sam/sam2-hiera-small,MobileCLIP-S2,datacompdr,0.5,0.5,"ThresholdGrid(conf=0.5,mask=0.5)",0.34472286102495026,0.25818490982055664,6.36328125,0.1719621978487374,0.15414012738853503,0.5503184713375796,0.2980891719745223,40.57142857142857,0.341334372699757,0.22809733512105457,0.19739046200354213
/mnt/data/model-ckpts/sam/sam2-hiera-small,ViT-H-14,laion2b_s32b_b79k,0.9,0.5,"ThresholdGrid(conf=0.9,mask=0.5)",0.32170164465372053,2.031233310699463,9.712890625,0.12932614257739647,0.12356687898089172,0.44331210191082804,0.19872611464968154,16.0,0.07544769589678058,0.23859756873671417,0.1674381523625524
/mnt/data/model-ckpts/sam/sam2-hiera-small,ViT-H-14,laion2b_s32b_b79k,0.9,0.9,"ThresholdGrid(conf=0.9,mask=0.9)",0.32142223457672764,2.031233310699463,9.712890625,0.12932614257739647,0.12356687898089172,0.44331210191082804,0.19872611464968154,16.0,0.07544769589678058,0.23859756873671417,0.1674381523625524
/mnt/data/model-ckpts/sam/sam2-hiera-small,ViT-H-14,laion2b_s32b_b79k,0.5,0.5,"ThresholdGrid(conf=0.5,mask=0.5)",0.36083380359091927,2.031618595123291,9.712890625,0.14028988693082042,0.1337579617834395,0.5503184713375796,0.2445859872611465,40.57142857142857,0.341334372699757,0.253794248316698,0.16969965158357853
/mnt/data/model-ckpts/sam/sam2-hiera-small,ViT-H-14,metaclip_fullcc,0.9,0.5,"ThresholdGrid(conf=0.9,mask=0.5)",0.3231972422716873,2.031233310699463,9.712890625,0.16126179599526752,0.14777070063694267,0.44331210191082804,0.25095541401273885,16.0,0.07544769589678058,0.3147949222546474,0.18135359477094998
/mnt/data/model-ckpts/sam/sam2-hiera-small,ViT-H-14,metaclip_fullcc,0.9,0.9,"ThresholdGrid(conf=0.9,mask=0.9)",0.31984387564339806,2.031233310699463,9.712890625,0.16126179599526752,0.14777070063694267,0.44331210191082804,0.25095541401273885,16.0,0.07544769589678058,0.3147949222546474,0.18135359477094998
/mnt/data/model-ckpts/sam/sam2-hiera-small,ViT-H-14,metaclip_fullcc,0.5,0.5,"ThresholdGrid(conf=0.5,mask=0.5)",0.3693711910662906,2.031618595123291,9.712890625,0.1742496080630398,0.16560509554140126,0.5503184713375796,0.29044585987261146,40.57142857142857,0.341334372699757,0.31925151040599603,0.19062003348300244
/mnt/data/model-ckpts/sam/sam2-hiera-small,ViT-B-16-SigLIP2,webli,0.9,0.5,"ThresholdGrid(conf=0.9,mask=0.5)",0.30199740680732895,0.7837557792663574,3.162109375,0.149368168810227,0.13885350318471337,0.44331210191082804,0.23439490445859873,16.0,0.07544769589678058,0.0965949051888885,0.1775328674007856
/mnt/data/model-ckpts/sam/sam2-hiera-small,ViT-B-16-SigLIP2,webli,0.9,0.9,"ThresholdGrid(conf=0.9,mask=0.9)",0.30487821038280216,0.7837557792663574,3.162109375,0.149368168810227,0.13885350318471337,0.44331210191082804,0.23439490445859873,16.0,0.07544769589678058,0.0965949051888885,0.1775328674007856
/mnt/data/model-ckpts/sam/sam2-hiera-small,ViT-B-16-SigLIP2,webli,0.5,0.5,"ThresholdGrid(conf=0.5,mask=0.5)",0.35852076751845224,0.7840466499328613,3.162109375,0.16080209972654844,0.14904458598726114,0.5503184713375796,0.2802547770700637,40.57142857142857,0.341334372699757,0.10216820120431815,0.18679642385375897
/mnt/data/model-ckpts/sam/sam2-hiera-small,ViT-L-16-SigLIP2-384,webli,0.9,0.5,"ThresholdGrid(conf=0.9,mask=0.5)",0.319548263879759,1.7149147987365723,11.908203125,0.14441988356518712,0.13503184713375796,0.44331210191082804,0.22038216560509555,16.0,0.07544769589678058,0.09892636403488884,0.17246553154257552
/mnt/data/model-ckpts/sam/sam2-hiera-small,ViT-L-16-SigLIP2-384,webli,0.9,0.9,"ThresholdGrid(conf=0.9,mask=0.9)",0.32684162059532745,1.7149147987365723,11.908203125,0.14441988356518712,0.13503184713375796,0.44331210191082804,0.22038216560509555,16.0,0.07544769589678058,0.09892636403488884,0.17246553154257552
/mnt/data/model-ckpts/sam/sam2-hiera-small,ViT-L-16-SigLIP2-384,webli,0.5,0.5,"ThresholdGrid(conf=0.5,mask=0.5)",0.3699955197849444,1.7153000831604004,11.908203125,0.1627946697143905,0.1592356687898089,0.5503184713375796,0.2713375796178344,40.57142857142857,0.341334372699757,0.10591048601611405,0.1908455549373571
/mnt/data/model-ckpts/sam/sam2-hiera-small,EVA02-B-16,merged2b_s8b_b131k,0.9,0.5,"ThresholdGrid(conf=0.9,mask=0.5)",0.2957912494561502,0.3540043830871582,3.921875,0.14084580325382112,0.13121019108280255,0.44331210191082804,0.21656050955414013,16.0,0.07544769589678058,0.16045741462593624,0.16712555671858956
/mnt/data/model-ckpts/sam/sam2-hiera-small,EVA02-B-16,merged2b_s8b_b131k,0.9,0.9,"ThresholdGrid(conf=0.9,mask=0.9)",0.2987566270998546,0.3540043830871582,3.921875,0.14084580325382112,0.13121019108280255,0.44331210191082804,0.21656050955414013,16.0,0.07544769589678058,0.16045741462593624,0.16712555671858956
/mnt/data/model-ckpts/sam/sam2-hiera-small,EVA02-B-16,merged2b_s8b_b131k,0.5,0.5,"ThresholdGrid(conf=0.5,mask=0.5)",0.35384779662958216,0.3542008399963379,3.921875,0.15346513718460442,0.14522292993630573,0.5503184713375796,0.2624203821656051,40.57142857142857,0.341334372699757,0.16733734483362003,0.17455313434746306
/mnt/data/model-ckpts/sam/sam2-hiera-small,EVA02-L-14,merged2b_s4b_b131k,0.9,0.5,"ThresholdGrid(conf=0.9,mask=0.5)",0.308425395217325,0.8757114410400391,7.17578125,0.1402856009746219,0.1337579617834395,0.44331210191082804,0.21528662420382166,16.0,0.07544769589678058,0.20525305328095794,0.17184071767640421
/mnt/data/model-ckpts/sam/sam2-hiera-small,EVA02-L-14,merged2b_s4b_b131k,0.9,0.9,"ThresholdGrid(conf=0.9,mask=0.9)",0.3079104536612119,0.8757114410400391,7.17578125,0.1402856009746219,0.1337579617834395,0.44331210191082804,0.21528662420382166,16.0,0.07544769589678058,0.20525305328095794,0.17184071767640421
/mnt/data/model-ckpts/sam/sam2-hiera-small,EVA02-L-14,merged2b_s4b_b131k,0.5,0.5,"ThresholdGrid(conf=0.5,mask=0.5)",0.35441594664007425,0.876002311706543,7.17578125,0.15883713797541985,0.14904458598726114,0.5503184713375796,0.2751592356687898,40.57142857142857,0.341334372699757,0.21213655826772093,0.18401952363423482
/mnt/data/model-ckpts/sam/sam2-hiera-small,ViT-H-14,dfn5b,0.9,0.5,"ThresholdGrid(conf=0.9,mask=0.5)",0.32633161172270775,2.031233310699463,9.712890625,0.13842356889141788,0.13248407643312102,0.44331210191082804,0.20764331210191084,16.0,0.07544769589678058,0.22617764289781547,0.1730067192793499
/mnt/data/model-ckpts/sam/sam2-hiera-small,ViT-H-14,dfn5b,0.9,0.9,"ThresholdGrid(conf=0.9,mask=0.9)",0.3185363619455269,2.031233310699463,9.712890625,0.13842356889141788,0.13248407643312102,0.44331210191082804,0.20764331210191084,16.0,0.07544769589678058,0.22617764289781547,0.1730067192793499
/mnt/data/model-ckpts/sam/sam2-hiera-small,ViT-H-14,dfn5b,0.5,0.5,"ThresholdGrid(conf=0.5,mask=0.5)",0.3669703778411661,2.031618595123291,9.712890625,0.15301723859496758,0.14522292993630573,0.5503184713375796,0.2611464968152866,40.57142857142857,0.341334372699757,0.23774841581560244,0.18364608045974748
/mnt/data/model-ckpts/sam/sam2-hiera-small,MobileCLIP-B,datacompdr,0.9,0.5,"ThresholdGrid(conf=0.9,mask=0.5)",0.2979606057384184,0.35558605194091797,3.75390625,0.16486814989431153,0.15414012738853503,0.44331210191082804,0.25605095541401274,16.0,0.07544769589678058,0.16727244816008646,0.1934965738794196
/mnt/data/model-ckpts/sam/sam2-hiera-small,MobileCLIP-B,datacompdr,0.9,0.9,"ThresholdGrid(conf=0.9,mask=0.9)",0.295615109748074,0.35558605194091797,3.75390625,0.16486814989431153,0.15414012738853503,0.44331210191082804,0.25605095541401274,16.0,0.07544769589678058,0.16727244816008646,0.1934965738794196
/mnt/data/model-ckpts/sam/sam2-hiera-small,MobileCLIP-B,datacompdr,0.5,0.5,"ThresholdGrid(conf=0.5,mask=0.5)",0.34950789330261095,0.35578250885009766,3.75390625,0.17656068459834715,0.1643312101910828,0.5503184713375796,0.3057324840764331,40.57142857142857,0.341334372699757,0.17866512647100316,0.2081686253769399
/mnt/data/model-ckpts/sam/sam2-hiera-small,MobileCLIP2-S0,dfndr2b,0.9,0.5,"ThresholdGrid(conf=0.9,mask=0.5)",0.30498482353453127,0.2110748291015625,5.125,0.1606894423436798,0.15286624203821655,0.44331210191082804,0.23821656050955414,16.0,0.07544769589678058,0.22763006485951173,0.18813770307866198
/mnt/data/model-ckpts/sam/sam2-hiera-small,MobileCLIP2-S0,dfndr2b,0.9,0.9,"ThresholdGrid(conf=0.9,mask=0.9)",0.30586668622813057,0.2110748291015625,5.125,0.1606894423436798,0.15286624203821655,0.44331210191082804,0.23821656050955414,16.0,0.07544769589678058,0.22763006485951173,0.18813770307866198
/mnt/data/model-ckpts/sam/sam2-hiera-small,MobileCLIP2-S0,dfndr2b,0.5,0.5,"ThresholdGrid(conf=0.5,mask=0.5)",0.34371490058090004,0.2112712860107422,5.125,0.17709456066315554,0.17070063694267515,0.5503184713375796,0.29554140127388534,40.57142857142857,0.341334372699757,0.23768435640699545,0.19788777038073577
/mnt/data/model-ckpts/sam/sam2-hiera-small,MobileCLIP2-S2,dfndr2b,0.9,0.5,"ThresholdGrid(conf=0.9,mask=0.5)",0.3033197717741132,0.25798845291137695,6.36328125,0.1465533623327236,0.13885350318471337,0.44331210191082804,0.2229299363057325,16.0,0.07544769589678058,0.2465849528456949,0.18041971666819825
/mnt/data/model-ckpts/sam/sam2-hiera-small,MobileCLIP2-S2,dfndr2b,0.9,0.9,"ThresholdGrid(conf=0.9,mask=0.9)",0.3102666665134685,0.25798845291137695,6.36328125,0.1465533623327236,0.13885350318471337,0.44331210191082804,0.2229299363057325,16.0,0.07544769589678058,0.2465849528456949,0.18041971666819825
/mnt/data/model-ckpts/sam/sam2-hiera-small,MobileCLIP2-S2,dfndr2b,0.5,0.5,"ThresholdGrid(conf=0.5,mask=0.5)",0.35175871702709366,0.25818490982055664,6.36328125,0.1539639841212075,0.14394904458598726,0.5503184713375796,0.27261146496815286,40.57142857142857,0.341334372699757,0.25919751059857143,0.18504794211059877
/mnt/data/model-ckpts/sam/sam2-hiera-small,MobileCLIP2-B,dfndr2b,0.9,0.5,"ThresholdGrid(conf=0.9,mask=0.5)",0.30853376457733767,0.35558605194091797,3.75390625,0.14825060478210078,0.14267515923566879,0.44331210191082804,0.22038216560509555,16.0,0.07544769589678058,0.24327261154628863,0.1804884992718451
/mnt/data/model-ckpts/sam/sam2-hiera-small,MobileCLIP2-B,dfndr2b,0.9,0.9,"ThresholdGrid(conf=0.9,mask=0.9)",0.30476999069963184,0.35558605194091797,3.75390625,0.14825060478210078,0.14267515923566879,0.44331210191082804,0.22038216560509555,16.0,0.07544769589678058,0.24327261154628863,0.1804884992718451
/mnt/data/model-ckpts/sam/sam2-hiera-small,MobileCLIP2-B,dfndr2b,0.5,0.5,"ThresholdGrid(conf=0.5,mask=0.5)",0.34370035199182375,0.35578250885009766,3.75390625,0.14897238195265539,0.14267515923566879,0.5503184713375796,0.26496815286624203,40.57142857142857,0.341334372699757,0.2579914529801934,0.18166053993828288
/mnt/data/model-ckpts/sam/sam2-hiera-tiny,ViT-B-32,laion2b_s34b_b79k,0.9,0.5,"ThresholdGrid(conf=0.9,mask=0.5)",0.3029035038447806,0.4109659194946289,1.875,0.1198692577128826,0.11464968152866242,0.44713375796178345,0.1821656050955414,14.114285714285714,0.058713057536346556,0.2516710177158854,0.15670584601386553
/mnt/data/model-ckpts/sam/sam2-hiera-tiny,ViT-B-32,laion2b_s34b_b79k,0.9,0.9,"ThresholdGrid(conf=0.9,mask=0.9)",0.29399807431868147,0.4109659194946289,1.875,0.1198692577128826,0.11464968152866242,0.44713375796178345,0.1821656050955414,14.114285714285714,0.058713057536346556,0.2516710177158854,0.15670584601386553
/mnt/data/model-ckpts/sam/sam2-hiera-tiny,ViT-B-32,laion2b_s34b_b79k,0.5,0.5,"ThresholdGrid(conf=0.5,mask=0.5)",0.35966889200998203,0.41115570068359375,1.875,0.1205622401220439,0.10955414012738854,0.5515923566878981,0.2140127388535032,36.25714285714286,0.3592279727710009,0.26200927873705604,0.1488685819813593
/mnt/data/model-ckpts/sam/sam2-hiera-tiny,ViT-B-32,datacomp_xl_s13b_b90k,0.9,0.5,"ThresholdGrid(conf=0.9,mask=0.5)",0.29931776225566864,0.4109659194946289,1.875,0.1247633069367448,0.11719745222929936,0.44713375796178345,0.19872611464968154,14.114285714285714,0.058713057536346556,0.199177732152544,0.15750001655264811
/mnt/data/model-ckpts/sam/sam2-hiera-tiny,ViT-B-32,datacomp_xl_s13b_b90k,0.9,0.9,"ThresholdGrid(conf=0.9,mask=0.9)",0.307199641663049,0.4109659194946289,1.875,0.1247633069367448,0.11719745222929936,0.44713375796178345,0.19872611464968154,14.114285714285714,0.058713057536346556,0.199177732152544,0.15750001655264811
/mnt/data/model-ckpts/sam/sam2-hiera-tiny,ViT-B-32,datacomp_xl_s13b_b90k,0.5,0.5,"ThresholdGrid(conf=0.5,mask=0.5)",0.36967111019683735,0.41115570068359375,1.875,0.12423294483105353,0.11210191082802548,0.5515923566878981,0.22038216560509555,36.25714285714286,0.3592279727710009,0.20892633990307521,0.15009331362468512
/mnt/data/model-ckpts/sam/sam2-hiera-tiny,ViT-B-16,laion2b_s34b_b88k,0.9,0.5,"ThresholdGrid(conf=0.9,mask=0.5)",0.30044656512992723,0.40979957580566406,3.181640625,0.13461558587353079,0.13248407643312102,0.44713375796178345,0.20254777070063695,14.114285714285714,0.058713057536346556,0.22363729187447554,0.1721236899548903
/mnt/data/model-ckpts/sam/sam2-hiera-tiny,ViT-B-16,laion2b_s34b_b88k,0.9,0.9,"ThresholdGrid(conf=0.9,mask=0.9)",0.300424439566476,0.40979957580566406,3.181640625,0.13461558587353079,0.13248407643312102,0.44713375796178345,0.20254777070063695,14.114285714285714,0.058713057536346556,0.22363729187447554,0.1721236899548903
/mnt/data/model-ckpts/sam/sam2-hiera-tiny,ViT-B-16,laion2b_s34b_b88k,0.5,0.5,"ThresholdGrid(conf=0.5,mask=0.5)",0.35646867140063215,0.4099893569946289,3.181640625,0.14487097752858777,0.14140127388535031,0.5515923566878981,0.24331210191082803,36.25714285714286,0.3592279727710009,0.23580214910826106,0.17536223033334206
/mnt/data/model-ckpts/sam/sam2-hiera-tiny,ViT-B-16-SigLIP,webli,0.9,0.5,"ThresholdGrid(conf=0.9,mask=0.5)",0.3066705373514976,0.4614744186401367,2.716796875,0.1298044066132327,0.12229299363057325,0.44713375796178345,0.20636942675159237,14.114285714285714,0.058713057536346556,0.06735451392455703,0.1669399490997369
/mnt/data/model-ckpts/sam/sam2-hiera-tiny,ViT-B-16-SigLIP,webli,0.9,0.9,"ThresholdGrid(conf=0.9,mask=0.9)",0.3091964970475861,0.4614744186401367,2.716796875,0.1298044066132327,0.12229299363057325,0.44713375796178345,0.20636942675159237,14.114285714285714,0.058713057536346556,0.06735451392455703,0.1669399490997369
/mnt/data/model-ckpts/sam/sam2-hiera-tiny,ViT-B-16-SigLIP,webli,0.5,0.5,"ThresholdGrid(conf=0.5,mask=0.5)",0.3581233256097351,0.46175193786621094,2.716796875,0.14559561067493065,0.1375796178343949,0.5515923566878981,0.25605095541401274,36.25714285714286,0.3592279727710009,0.07564754174001942,0.17470008244329185
/mnt/data/model-ckpts/sam/sam2-hiera-tiny,ViT-L-14,laion2b_s32b_b82k,0.9,0.5,"ThresholdGrid(conf=0.9,mask=0.5)",0.31134926580957006,0.9555482864379883,6.00390625,0.11287528250823421,0.1070063694267516,0.44713375796178345,0.1770700636942675,14.114285714285714,0.058713057536346556,0.244660117472433,0.15698293267763638
/mnt/data/model-ckpts/sam/sam2-hiera-tiny,ViT-L-14,laion2b_s32b_b82k,0.9,0.9,"ThresholdGrid(conf=0.9,mask=0.9)",0.31766927734549555,0.9555482864379883,6.00390625,0.11287528250823421,0.1070063694267516,0.44713375796178345,0.1770700636942675,14.114285714285714,0.058713057536346556,0.244660117472433,0.15698293267763638
/mnt/data/model-ckpts/sam/sam2-hiera-tiny,ViT-L-14,laion2b_s32b_b82k,0.5,0.5,"ThresholdGrid(conf=0.5,mask=0.5)",0.37322668358683586,0.9558258056640625,6.00390625,0.13251659114157566,0.12229299363057325,0.5515923566878981,0.22802547770700637,36.25714285714286,0.3592279727710009,0.2566190490677099,0.1579215265945288
/mnt/data/model-ckpts/sam/sam2-hiera-tiny,ViT-L-14,dfn2b,0.9,0.5,"ThresholdGrid(conf=0.9,mask=0.5)",0.31613146753183435,0.9555482864379883,6.00390625,0.14710340150527146,0.14777070063694267,0.44713375796178345,0.21910828025477708,14.114285714285714,0.058713057536346556,0.19694118939197747,0.1854557235432095
/mnt/data/model-ckpts/sam/sam2-hiera-tiny,ViT-L-14,dfn2b,0.9,0.9,"ThresholdGrid(conf=0.9,mask=0.9)",0.31616497518760817,0.9555482864379883,6.00390625,0.14710340150527146,0.14777070063694267,0.44713375796178345,0.21910828025477708,14.114285714285714,0.058713057536346556,0.19694118939197747,0.1854557235432095
/mnt/data/model-ckpts/sam/sam2-hiera-tiny,ViT-L-14,dfn2b,0.5,0.5,"ThresholdGrid(conf=0.5,mask=0.5)",0.35974038432219196,0.9558258056640625,6.00390625,0.14880185291440365,0.14522292993630573,0.5515923566878981,0.2573248407643312,36.25714285714286,0.3592279727710009,0.2079958034453878,0.18743207088655905
/mnt/data/model-ckpts/sam/sam2-hiera-tiny,ViT-L-14,datacomp_xl_s13b_b90k,0.9,0.5,"ThresholdGrid(conf=0.9,mask=0.5)",0.31137270187692984,0.9555482864379883,6.00390625,0.13905577185082563,0.13630573248407643,0.44713375796178345,0.21146496815286625,14.114285714285714,0.058713057536346556,0.1827544050801332,0.17526216894688235
/mnt/data/model-ckpts/sam/sam2-hiera-tiny,ViT-L-14,datacomp_xl_s13b_b90k,0.9,0.9,"ThresholdGrid(conf=0.9,mask=0.9)",0.3136712292741452,0.9555482864379883,6.00390625,0.13905577185082563,0.13630573248407643,0.44713375796178345,0.21146496815286625,14.114285714285714,0.058713057536346556,0.1827544050801332,0.17526216894688235
/mnt/data/model-ckpts/sam/sam2-hiera-tiny,ViT-L-14,datacomp_xl_s13b_b90k,0.5,0.5,"ThresholdGrid(conf=0.5,mask=0.5)",0.36063590086996555,0.9558258056640625,6.00390625,0.14267735797608638,0.13248407643312102,0.5515923566878981,0.25477707006369427,36.25714285714286,0.3592279727710009,0.19656507995477907,0.1707878657931046
/mnt/data/model-ckpts/sam/sam2-hiera-tiny,MobileCLIP-S1,datacompdr,0.9,0.5,"ThresholdGrid(conf=0.9,mask=0.5)",0.2914099588191935,0.23011541366577148,4.83984375,0.16582955726150814,0.15414012738853503,0.44713375796178345,0.2535031847133758,14.114285714285714,0.058713057536346556,0.20948685588920193,0.19539349056264516
/mnt/data/model-ckpts/sam/sam2-hiera-tiny,MobileCLIP-S1,datacompdr,0.9,0.9,"ThresholdGrid(conf=0.9,mask=0.9)",0.29253041637795313,0.23011541366577148,4.83984375,0.16582955726150814,0.15414012738853503,0.44713375796178345,0.2535031847133758,14.114285714285714,0.058713057536346556,0.20948685588920193,0.19539349056264516
/mnt/data/model-ckpts/sam/sam2-hiera-tiny,MobileCLIP-S1,datacompdr,0.5,0.5,"ThresholdGrid(conf=0.5,mask=0.5)",0.3513883167345609,0.23030519485473633,4.83984375,0.1759059427574637,0.16687898089171974,0.5515923566878981,0.29044585987261146,36.25714285714286,0.3592279727710009,0.22109570383645927,0.20690434440917446
/mnt/data/model-ckpts/sam/sam2-hiera-tiny,MobileCLIP-S2,datacompdr,0.9,0.5,"ThresholdGrid(conf=0.9,mask=0.5)",0.2924723949815546,0.2579774856567383,5.970703125,0.17109492540565985,0.1592356687898089,0.44713375796178345,0.2624203821656051,14.114285714285714,0.058713057536346556,0.21495255020203863,0.1980727038808619
/mnt/data/model-ckpts/sam/sam2-hiera-tiny,MobileCLIP-S2,datacompdr,0.9,0.9,"ThresholdGrid(conf=0.9,mask=0.9)",0.2946995331772736,0.2579774856567383,5.970703125,0.17109492540565985,0.1592356687898089,0.44713375796178345,0.2624203821656051,14.114285714285714,0.058713057536346556,0.21495255020203863,0.1980727038808619
/mnt/data/model-ckpts/sam/sam2-hiera-tiny,MobileCLIP-S2,datacompdr,0.5,0.5,"ThresholdGrid(conf=0.5,mask=0.5)",0.3467426602063434,0.2581672668457031,5.970703125,0.17507113470310812,0.16050955414012738,0.5515923566878981,0.29426751592356687,36.25714285714286,0.3592279727710009,0.22729655825028752,0.20450399353037887
/mnt/data/model-ckpts/sam/sam2-hiera-tiny,ViT-H-14,laion2b_s32b_b79k,0.9,0.5,"ThresholdGrid(conf=0.9,mask=0.5)",0.3103864146396518,2.03121280670166,9.375,0.12042796005836112,0.1159235668789809,0.44713375796178345,0.1910828025477707,14.114285714285714,0.058713057536346556,0.23881912168803487,0.16353809318777468
/mnt/data/model-ckpts/sam/sam2-hiera-tiny,ViT-H-14,laion2b_s32b_b79k,0.9,0.9,"ThresholdGrid(conf=0.9,mask=0.9)",0.32221386209130287,2.03121280670166,9.375,0.12042796005836112,0.1159235668789809,0.44713375796178345,0.1910828025477707,14.114285714285714,0.058713057536346556,0.23881912168803487,0.16353809318777468
/mnt/data/model-ckpts/sam/sam2-hiera-tiny,ViT-H-14,laion2b_s32b_b79k,0.5,0.5,"ThresholdGrid(conf=0.5,mask=0.5)",0.36087342138801304,2.0315780639648438,9.375,0.14076687901518095,0.1375796178343949,0.5515923566878981,0.24331210191082803,36.25714285714286,0.3592279727710009,0.2536864226031455,0.16686916879807925
/mnt/data/model-ckpts/sam/sam2-hiera-tiny,ViT-H-14,metaclip_fullcc,0.9,0.5,"ThresholdGrid(conf=0.9,mask=0.5)",0.32025613888565985,2.03121280670166,9.375,0.16189391701704844,0.15414012738853503,0.44713375796178345,0.2585987261146497,14.114285714285714,0.058713057536346556,0.314320942664602,0.18577062926424998
/mnt/data/model-ckpts/sam/sam2-hiera-tiny,ViT-H-14,metaclip_fullcc,0.9,0.9,"ThresholdGrid(conf=0.9,mask=0.9)",0.31689503230154514,2.03121280670166,9.375,0.16189391701704844,0.15414012738853503,0.44713375796178345,0.2585987261146497,14.114285714285714,0.058713057536346556,0.314320942664602,0.18577062926424998
/mnt/data/model-ckpts/sam/sam2-hiera-tiny,ViT-H-14,metaclip_fullcc,0.5,0.5,"ThresholdGrid(conf=0.5,mask=0.5)",0.36387568938412834,2.0315780639648438,9.375,0.17553065104655424,0.17197452229299362,0.5515923566878981,0.2968152866242038,36.25714285714286,0.3592279727710009,0.31860351273967963,0.20065780432966743
/mnt/data/model-ckpts/sam/sam2-hiera-tiny,ViT-B-16-SigLIP2,webli,0.9,0.5,"ThresholdGrid(conf=0.9,mask=0.5)",0.31323981737451895,0.7837400436401367,3.037109375,0.155010393136826,0.14522292993630573,0.44713375796178345,0.2394904458598726,14.114285714285714,0.058713057536346556,0.09579272811200208,0.18213225444512499
/mnt/data/model-ckpts/sam/sam2-hiera-tiny,ViT-B-16-SigLIP2,webli,0.9,0.9,"ThresholdGrid(conf=0.9,mask=0.9)",0.31330963663224665,0.7837400436401367,3.037109375,0.155010393136826,0.14522292993630573,0.44713375796178345,0.2394904458598726,14.114285714285714,0.058713057536346556,0.09579272811200208,0.18213225444512499
/mnt/data/model-ckpts/sam/sam2-hiera-tiny,ViT-B-16-SigLIP2,webli,0.5,0.5,"ThresholdGrid(conf=0.5,mask=0.5)",0.3491928501586829,0.7840175628662109,3.037109375,0.16628635029294886,0.1592356687898089,0.5515923566878981,0.27261146496815286,36.25714285714286,0.3592279727710009,0.10232730851431561,0.19313189675533501
/mnt/data/model-ckpts/sam/sam2-hiera-tiny,ViT-L-16-SigLIP2-384,webli,0.9,0.5,"ThresholdGrid(conf=0.9,mask=0.5)",0.3059694476957832,1.7148942947387695,9.880859375,0.14992115174090467,0.14267515923566879,0.44713375796178345,0.23312101910828026,14.114285714285714,0.058713057536346556,0.09827119442782584,0.18281913792814783
/mnt/data/model-ckpts/sam/sam2-hiera-tiny,ViT-L-16-SigLIP2-384,webli,0.9,0.9,"ThresholdGrid(conf=0.9,mask=0.9)",0.31358033884316683,1.7148942947387695,9.880859375,0.14992115174090467,0.14267515923566879,0.44713375796178345,0.23312101910828026,14.114285714285714,0.058713057536346556,0.09827119442782584,0.18281913792814783
/mnt/data/model-ckpts/sam/sam2-hiera-tiny,ViT-L-16-SigLIP2-384,webli,0.5,0.5,"ThresholdGrid(conf=0.5,mask=0.5)",0.3600737978039043,1.7152595520019531,9.880859375,0.15881528056353622,0.1503184713375796,0.5515923566878981,0.2713375796178344,36.25714285714286,0.3592279727710009,0.10522514277487803,0.19531918928909617
/mnt/data/model-ckpts/sam/sam2-hiera-tiny,EVA02-B-16,merged2b_s8b_b131k,0.9,0.5,"ThresholdGrid(conf=0.9,mask=0.5)",0.2890137822500297,0.35399341583251953,3.66015625,0.14379482316821193,0.1337579617834395,0.44713375796178345,0.2229299363057325,14.114285714285714,0.058713057536346556,0.16012146405543493,0.1727241234654863
/mnt/data/model-ckpts/sam/sam2-hiera-tiny,EVA02-B-16,merged2b_s8b_b131k,0.9,0.9,"ThresholdGrid(conf=0.9,mask=0.9)",0.29798454738089014,0.35399341583251953,3.66015625,0.14379482316821193,0.1337579617834395,0.44713375796178345,0.2229299363057325,14.114285714285714,0.058713057536346556,0.16012146405543493,0.1727241234654863
/mnt/data/model-ckpts/sam/sam2-hiera-tiny,EVA02-B-16,merged2b_s8b_b131k,0.5,0.5,"ThresholdGrid(conf=0.5,mask=0.5)",0.3412522176014526,0.3541831970214844,3.66015625,0.15617506940777973,0.14777070063694267,0.5515923566878981,0.25987261146496815,36.25714285714286,0.3592279727710009,0.1663307224584233,0.1778786331496791
/mnt/data/model-ckpts/sam/sam2-hiera-tiny,EVA02-L-14,merged2b_s4b_b131k,0.9,0.5,"ThresholdGrid(conf=0.9,mask=0.5)",0.3152511448466352,0.8756957054138184,6.880859375,0.14508415398102256,0.14267515923566879,0.44713375796178345,0.22929936305732485,14.114285714285714,0.058713057536346556,0.20395141300881744,0.18364372042312233
/mnt/data/model-ckpts/sam/sam2-hiera-tiny,EVA02-L-14,merged2b_s4b_b131k,0.9,0.9,"ThresholdGrid(conf=0.9,mask=0.9)",0.31079877766647507,0.8756957054138184,6.880859375,0.14508415398102256,0.14267515923566879,0.44713375796178345,0.22929936305732485,14.114285714285714,0.058713057536346556,0.20395141300881744,0.18364372042312233
/mnt/data/model-ckpts/sam/sam2-hiera-tiny,EVA02-L-14,merged2b_s4b_b131k,0.5,0.5,"ThresholdGrid(conf=0.5,mask=0.5)",0.35247414239815306,0.8759732246398926,6.880859375,0.17474079443192514,0.17070063694267515,0.5515923566878981,0.29554140127388534,36.25714285714286,0.3592279727710009,0.21167467580099775,0.19920771825998765
/mnt/data/model-ckpts/sam/sam2-hiera-tiny,ViT-H-14,dfn5b,0.9,0.5,"ThresholdGrid(conf=0.9,mask=0.5)",0.31840044539421797,2.03121280670166,9.375,0.14776850930824229,0.14140127388535031,0.44713375796178345,0.22547770700636943,14.114285714285714,0.058713057536346556,0.22487061052185714,0.17675464111676176
/mnt/data/model-ckpts/sam/sam2-hiera-tiny,ViT-H-14,dfn5b,0.9,0.9,"ThresholdGrid(conf=0.9,mask=0.9)",0.31973978371492456,2.03121280670166,9.375,0.14776850930824229,0.14140127388535031,0.44713375796178345,0.22547770700636943,14.114285714285714,0.058713057536346556,0.22487061052185714,0.17675464111676176
/mnt/data/model-ckpts/sam/sam2-hiera-tiny,ViT-H-14,dfn5b,0.5,0.5,"ThresholdGrid(conf=0.5,mask=0.5)",0.3628831290240799,2.0315780639648438,9.375,0.15770855583289345,0.1503184713375796,0.5515923566878981,0.2662420382165605,36.25714285714286,0.3592279727710009,0.23660357818482028,0.18695492790949136
/mnt/data/model-ckpts/sam/sam2-hiera-tiny,MobileCLIP-B,datacompdr,0.9,0.5,"ThresholdGrid(conf=0.9,mask=0.5)",0.2992122234510524,0.3555750846862793,3.509765625,0.16748341790517682,0.1592356687898089,0.44713375796178345,0.2585987261146497,14.114285714285714,0.058713057536346556,0.16639119470669966,0.1992394639240836
/mnt/data/model-ckpts/sam/sam2-hiera-tiny,MobileCLIP-B,datacompdr,0.9,0.9,"ThresholdGrid(conf=0.9,mask=0.9)",0.3074717242270708,0.3555750846862793,3.509765625,0.16748341790517682,0.1592356687898089,0.44713375796178345,0.2585987261146497,14.114285714285714,0.058713057536346556,0.16639119470669966,0.1992394639240836
/mnt/data/model-ckpts/sam/sam2-hiera-tiny,MobileCLIP-B,datacompdr,0.5,0.5,"ThresholdGrid(conf=0.5,mask=0.5)",0.35478169697203804,0.35576486587524414,3.509765625,0.1907984377658566,0.1821656050955414,0.5515923566878981,0.3095541401273885,36.25714285714286,0.3592279727710009,0.17782937221371445,0.21531938166311068
/mnt/data/model-ckpts/sam/sam2-hiera-tiny,MobileCLIP2-S0,dfndr2b,0.9,0.5,"ThresholdGrid(conf=0.9,mask=0.5)",0.30013491798724445,0.21106386184692383,4.810546875,0.15863776094426754,0.1503184713375796,0.44713375796178345,0.2394904458598726,14.114285714285714,0.058713057536346556,0.22619431795208317,0.18733769872773248
/mnt/data/model-ckpts/sam/sam2-hiera-tiny,MobileCLIP2-S0,dfndr2b,0.9,0.9,"ThresholdGrid(conf=0.9,mask=0.9)",0.30180688814393114,0.21106386184692383,4.810546875,0.15863776094426754,0.1503184713375796,0.44713375796178345,0.2394904458598726,14.114285714285714,0.058713057536346556,0.22619431795208317,0.18733769872773248
/mnt/data/model-ckpts/sam/sam2-hiera-tiny,MobileCLIP2-S0,dfndr2b,0.5,0.5,"ThresholdGrid(conf=0.5,mask=0.5)",0.3523696513314332,0.21125364303588867,4.810546875,0.1707619251376741,0.15796178343949044,0.5515923566878981,0.2917197452229299,36.25714285714286,0.3592279727710009,0.23699856882642029,0.2004837632884268
/mnt/data/model-ckpts/sam/sam2-hiera-tiny,MobileCLIP2-S2,dfndr2b,0.9,0.5,"ThresholdGrid(conf=0.9,mask=0.5)",0.294572051747569,0.2579774856567383,5.970703125,0.15014543162750732,0.14522292993630573,0.44713375796178345,0.2267515923566879,14.114285714285714,0.058713057536346556,0.24493196929336353,0.18680653208828554
/mnt/data/model-ckpts/sam/sam2-hiera-tiny,MobileCLIP2-S2,dfndr2b,0.9,0.9,"ThresholdGrid(conf=0.9,mask=0.9)",0.29868759281401125,0.2579774856567383,5.970703125,0.15014543162750732,0.14522292993630573,0.44713375796178345,0.2267515923566879,14.114285714285714,0.058713057536346556,0.24493196929336353,0.18680653208828554
/mnt/data/model-ckpts/sam/sam2-hiera-tiny,MobileCLIP2-S2,dfndr2b,0.5,0.5,"ThresholdGrid(conf=0.5,mask=0.5)",0.35096166455852135,0.2581672668457031,5.970703125,0.1683008034941259,0.16687898089171974,0.5515923566878981,0.2917197452229299,36.25714285714286,0.3592279727710009,0.25875313006768563,0.19847855998984265
/mnt/data/model-ckpts/sam/sam2-hiera-tiny,MobileCLIP2-B,dfndr2b,0.9,0.5,"ThresholdGrid(conf=0.9,mask=0.5)",0.3004541886704309,0.3555750846862793,3.509765625,0.14700948369524702,0.14012738853503184,0.44713375796178345,0.2267515923566879,14.114285714285714,0.058713057536346556,0.24184345954163058,0.181077088551601
/mnt/data/model-ckpts/sam/sam2-hiera-tiny,MobileCLIP2-B,dfndr2b,0.9,0.9,"ThresholdGrid(conf=0.9,mask=0.9)",0.2968483637752278,0.3555750846862793,3.509765625,0.14700948369524702,0.14012738853503184,0.44713375796178345,0.2267515923566879,14.114285714285714,0.058713057536346556,0.24184345954163058,0.181077088551601
/mnt/data/model-ckpts/sam/sam2-hiera-tiny,MobileCLIP2-B,dfndr2b,0.5,0.5,"ThresholdGrid(conf=0.5,mask=0.5)",0.35221654855247053,0.35576486587524414,3.509765625,0.15634849061390438,0.14394904458598726,0.5515923566878981,0.2789808917197452,36.25714285714286,0.3592279727710009,0.25691029621157674,0.1842754160912949
